id,title,source,date,url,one_liner,sponsor_names,company_names,has_sponsor_signal,company_affiliation_signal
fed148338321a49666dbd0c50ea193caadcb1533aca84b718fe64ee74b9cc6df,TRBC2-targeting antibody–drug conjugates for the treatment of T cell cancers,Nature Cancer,2025-12-22T00:00:00,https://www.nature.com/articles/s43018-025-01069-z,Summary skipped due to cap.,,,False,False
6a77fc6cc5b55f60844eb169cc1d349120f2d371c2b1cbc97f93d575d4ce768a,<cite>Science</cite> editors pick 2025’s stories that stood out,Science News,2025-12-26T10:00:00,https://www.science.org/content/article/science-editors-pick-2025-s-stories-stood-out,No LLM provider configured.,,,False,False
87da883b48a945412c1c4b53c40e4f79240aa09566ffae64bb7337c5c129312b,Five things to know about NSF’s new rules on merit review,Science News,2025-12-24T10:50:00,https://www.science.org/content/article/five-things-know-about-nsf-s-new-rules-merit-review,No LLM provider configured.,,,False,False
58fc7912179d4602cf134b5ff491285d47b118974b31eeb7877ec8c591579f91,"Two ancient humans, including famed ‘Iceman,’ had cancer-causing virus",Science News,2025-12-23T05:05:00,https://www.science.org/content/article/two-ancient-humans-including-famed-iceman-had-cancer-causing-virus,Summary skipped due to cap.,,,False,False
f144f90887467a7ca4313ae55d6a27988b93f0531ac63a9132da66310e0600bf,Life in Europa’s ocean could feed on rocks’ radioactive decay,Science News,2025-12-23T04:45:00,https://www.science.org/content/article/life-europa-s-ocean-could-feed-rocks-radioactive-decay,Summary skipped due to cap.,,,False,False
fab24c2d75420b9b7af9ddcfa1a0aab7ae4501e0f9213a5db92eefccf783c5ea,NIH official resigns after flap over risks of seasonal flu virus study,Science News,2025-12-23T04:20:00,https://www.science.org/content/article/nih-official-resigns-after-flap-over-risks-seasonal-flu-virus-study,Summary skipped due to cap.,,,False,False
12e6d58b87ff16e7e31c7d8a1bf3dfbc4d419ad6f83f099bb26b44402d591c26,Roots of milk drinking revealed by South Asian genomes,Science News,2025-12-23T03:40:00,https://www.science.org/content/article/roots-milk-drinking-revealed-south-asian-genomes,Summary skipped due to cap.,,,False,False
fb255128bb4ecb5ebbfe014f604a438a1bbb06c613f348f3fadcbd129fb42d36,Replicas of the uterine lining reveal drugs that may boost pregnancy success,Science News,2025-12-23T12:55:00,https://www.science.org/content/article/replicas-uterine-lining-reveal-drugs-may-boost-pregnancy-success,Summary skipped due to cap.,,,False,False
7f4ed1bbcb62853e306422fbf4f36749bfbd36adf2e113a6cd4d43174458ab08,Kennedy ‘deeply committed to ending animal experimentation’,Science News,2025-12-22T08:05:00,https://www.science.org/content/article/kennedy-deeply-committed-ending-animal-experimentation,Summary skipped due to cap.,,,False,False
8dce97f70be43f110afa4601debffe8318036bff0c237b876c64c4d008c8ad76,This fish seems to use its bizarre skull like a drum,Science News,2025-12-22T05:35:00,https://www.science.org/content/article/fish-seems-use-its-bizarre-skull-drum,Summary skipped due to cap.,,,False,False
c969b467e8dc8390bf592cd170e5a71e797dc522cd885e28bf034a6854ddd109,Watch these raindrops turn into rolling ‘sandballs’,Science News,2025-12-22T03:00:00,https://www.science.org/content/article/watch-these-raindrops-turn-rolling-sandballs,Summary skipped due to cap.,,,False,False
f403bd7aa5524486738c32b68580350257f06b8541e8fe4249a8f0eb23be7f4a,A Mechanistic Model of Oncolytic Virus-CAR T Therapy Identifies Memory-Dependent Control of Solid Tumors,bioRxiv (all),2025-12-26T00:00:00,https://www.biorxiv.org/content/10.64898/2025.12.24.696207v1?rss=1,No LLM provider configured.,,,False,False
498cbc2255f7680ca6ec67d60bddba05d744067d9d5b2c9c42cce924784d0ced,Incomplete developmental silencing of cancer-testis antigen BORIS in humanized mouse model promotes cancer susceptibility,bioRxiv (all),2025-12-26T00:00:00,https://www.biorxiv.org/content/10.64898/2025.12.24.696438v1?rss=1,No LLM provider configured.,,,False,False
2af8b48386875c449da3c614d6bf5f6fc256639da898500a649efe652bf3b26b,FMAGJ: Fluorescence Microscopic Astrocyte Gap Junction Images Dataset,bioRxiv (all),2025-12-26T00:00:00,https://www.biorxiv.org/content/10.64898/2025.12.25.695956v1?rss=1,No LLM provider configured.,,,False,False
44ed370bde1b5ac395a53917a49a14885d71cb487355a83ce27b8859775dba38,A MYC Family Switch: L-MYC Drives and Maintains Neuroendocrine Lineage Programs in Prostate Cancer,bioRxiv (all),2025-12-26T00:00:00,https://www.biorxiv.org/content/10.64898/2025.12.25.696507v1?rss=1,No LLM provider configured.,,,False,False
bd2cfd148d4abb31f63797c8ba7d7c7b1fe1bf735b328ea72bde9d0cb15338aa,CellTrap: A Microfluidic Platform Enabling Cell-Cell Interactions at Variable Effector to Target Ratios,bioRxiv (all),2025-12-26T00:00:00,https://www.biorxiv.org/content/10.64898/2025.12.25.696500v1?rss=1,No LLM provider configured.,,,False,False
73fa4e38580ef88e023c229fa2dd9b69bea79185d64e02bd882e21f81af7dd3f,Quantifying Population Reversibility of Sensor Performance inMulti-Cycle Single-Sensor Recovery Assay,bioRxiv (all),2025-12-26T00:00:00,https://www.biorxiv.org/content/10.64898/2025.12.25.696491v1?rss=1,No LLM provider configured.,,,False,False
35d979e51ddc0d8b98dd9a8f83d535ee4dff9b723b10d970c002a35afff3b7bc,The Tube-Sealing Test: A novel behavioral assay to quantify offspring-centered defensive behavior in postpartum mice,bioRxiv (all),2025-12-26T00:00:00,https://www.biorxiv.org/content/10.64898/2025.12.24.696449v1?rss=1,No LLM provider configured.,,,False,False
3244190ec23527f876b3cab40f4535efcca1ee0ec57b5c49c2d0e927c6b594ee,Cross-species insights into placental evolution and diseases at the single-cell resolution,bioRxiv (all),2025-12-26T00:00:00,https://www.biorxiv.org/content/10.64898/2025.12.26.696571v1?rss=1,No LLM provider configured.,,,False,False
6233bca87727afabb45231b45f4e1b980e73fe79c87e10eeef16a6b2f1c8810e,Deep learning analyses of DNA sequences resolve the retention of the Duffy-null resistance to Plasmodium vivax malaria in Africa,bioRxiv (all),2025-12-26T00:00:00,https://www.biorxiv.org/content/10.64898/2025.12.25.695976v1?rss=1,No LLM provider configured.,,,False,False
a3ed14ab120bedb17bb17fb50b27668d79028209c8c85fe58784be7b5515bd61,Transcriptomic Profiling Reveals Key Molecular Events and Pathways Driving Acquired Chemotherapy Resistance in Relapsed Acute Myeloid Leukemia,bioRxiv (all),2025-12-26T00:00:00,https://www.biorxiv.org/content/10.64898/2025.12.24.696467v1?rss=1,No LLM provider configured.,,,False,False
77e34b3d59c2579043da82de23e2408df1b9944d3e344b1d5fd0318fb4001a7d,BMP9-mediated regulation of endothelin-1 requires integrated SMAD1/5 and SMAD2/3 signaling,bioRxiv (all),2025-12-26T00:00:00,https://www.biorxiv.org/content/10.64898/2025.12.24.696445v1?rss=1,No LLM provider configured.,,,False,False
ac9cc809aa8cb4c36a97efc92d804511c6e4a3a4456f9a7f1642b63a5f9e0a05,Synergistic non-neutralizing plasma antibodies to PfRH5 drive potent malaria parasite growth inhibition,bioRxiv (all),2025-12-26T00:00:00,https://www.biorxiv.org/content/10.64898/2025.12.24.696081v1?rss=1,No LLM provider configured.,,,False,False
fe933cb528f8d14e0759c76920223cf965c0860944f439a85c440ebc70c9b233,Did you see the sound? A Bayesian Perspective on Crossmodal Perception in Low Vision,bioRxiv (all),2025-12-26T00:00:00,https://www.biorxiv.org/content/10.64898/2025.12.24.696433v1?rss=1,No LLM provider configured.,,,False,False
5c025982af694e092433bbfba9af8ce2f2de595ded0261df08153a52c8490948,Activation of neurogenesis improves amyloid-β pathology and cognitive function through AMP kinase signaling in Alzheimer's disease model mice,bioRxiv (all),2025-12-26T00:00:00,https://www.biorxiv.org/content/10.64898/2025.12.24.696442v1?rss=1,No LLM provider configured.,,,False,False
dcf9a6c0b8022214d9981dde3e81ceb16f18f7834f0d28e54e6163c1222d0a1b,"The impact of downsampling on data quality, univariate measurement and multivariate pattern analysis in event-related potential research",bioRxiv (all),2025-12-26T00:00:00,https://www.biorxiv.org/content/10.64898/2025.12.24.696322v1?rss=1,No LLM provider configured.,,,False,False
b872157ffe969a24d6332b37178a52aad043fff3ce2ac26f1b407a44742a9a20,Chronic stress abnormalize microglial-vascular interaction via AT1R signaling and microglia activation to drive depression-like behaviors,bioRxiv (all),2025-12-26T00:00:00,https://www.biorxiv.org/content/10.64898/2025.12.24.696453v1?rss=1,No LLM provider configured.,,,False,False
dec350e1a533ffa204b74bf175c9fcd913fd92e90a5acf8d4598866e8423bd40,Active zone remodeling by Bruchpilot couples synaptic architecture to Kv1/Shaker excitability control,bioRxiv (all),2025-12-26T00:00:00,https://www.biorxiv.org/content/10.64898/2025.12.26.696556v1?rss=1,No LLM provider configured.,,,False,False
72ee926a0efa5c6440ff0afc266879738cb87bce3db29b6af6f650fa86fa45cb,Organelle-specific lipid profiles influence/underlie metabolic health in a nutrition-dependent manner,bioRxiv (all),2025-12-26T00:00:00,https://www.biorxiv.org/content/10.64898/2025.12.24.696434v1?rss=1,No LLM provider configured.,,,False,False
569276f7376c2fb26405e2568f4fd4aaa5e9c39af82b95cd79782f4b6b09cea5,"Low-load blood flow restriction training and ischemia modulate expression of Na+,K+-ATPase and FXYDs in human skeletal muscle",bioRxiv (all),2025-12-26T00:00:00,https://www.biorxiv.org/content/10.64898/2025.12.24.696414v1?rss=1,No LLM provider configured.,,,False,False
2511b07d4b26aeada50dd48a678c6a8b9c5083f9ad2d778dac90f06417e14ce3,Claudin-1 Inhibitor PDS-0330 Ameliorates Diabetic Kidney Disease by Suppressing Src/Akt/mTOR Signaling Pathway in Podocytes,bioRxiv (all),2025-12-26T00:00:00,https://www.biorxiv.org/content/10.64898/2025.12.24.696454v1?rss=1,No LLM provider configured.,,,False,False
980672987411d90850fa226c630fb50f8fe66b184824c42d0f8411edd8f6dd0f,"CK2 inhibitor, CX-4945, enhances BH3 priming and promotes apoptosis of venetoclax-resistant AML by targeting antiapoptotic proteins",bioRxiv (all),2025-12-26T00:00:00,https://www.biorxiv.org/content/10.64898/2025.12.24.696284v1?rss=1,No LLM provider configured.,,,False,False
0fe035206ee23f7970375a82c04d4c06cfedd7d531b458fd125f288136c653c2,Bivalent CD47 Immunotoxin for Targeted Therapy of Lung Cancer,bioRxiv (all),2025-12-26T00:00:00,https://www.biorxiv.org/content/10.64898/2025.12.24.696420v1?rss=1,No LLM provider configured.,,,False,False
05c227fbcf6cdb3f673ac147d2430ff3fb8bb36ef8961a5f71bb29e077a48fc2,CoPhaser: generic modeling of biological cycles in scRNA-seq with context-dependent periodic manifolds,bioRxiv (all),2025-12-26T00:00:00,https://www.biorxiv.org/content/10.64898/2025.12.24.696376v1?rss=1,No LLM provider configured.,,,False,False
f191970b82789df31963f063727e9773528875775aacd4533062f8f46327ecce,Best of Both Worlds? Optimising Graph-Based Antimicrobial Resistance Gene Profiling in Long and Short-Read Metagenomes,bioRxiv (all),2025-12-26T00:00:00,https://www.biorxiv.org/content/10.64898/2025.12.25.693921v1?rss=1,No LLM provider configured.,,,False,False
ee214dae881f445a2ee535c44820a5604081d5f1e570aab2a52b63f1f7a842db,Fully computational design of PAM-relaxed Staphylococcus aureus Cas9 with expanded targeting capability,bioRxiv (all),2025-12-26T00:00:00,https://www.biorxiv.org/content/10.64898/2025.12.25.696548v1?rss=1,No LLM provider configured.,,,False,False
9ee327c29d552725ff6740cd7e8e3ab70c21695f7b12d1e112fea36a60ab80e3,Evidence for an ancient master sex determination gene in Hymenoptera,bioRxiv (all),2025-12-26T00:00:00,https://www.biorxiv.org/content/10.64898/2025.12.24.696408v1?rss=1,No LLM provider configured.,,,False,False
315b20c91725180c2e59f27133d7f7d3369f05b0ef2a50895cf5e45d4d250467,Unraveling the molecular mechanisms underlying spontaneous multipolar mitosis through CIN-seq,bioRxiv (all),2025-12-26T00:00:00,https://www.biorxiv.org/content/10.64898/2025.12.24.696383v1?rss=1,No LLM provider configured.,,,False,False
fe103070d972a3a1cdca24c8eda4786af78c4a065dc0fa514f11f8794c82c675,Beta hydroxybutyrate alters beta cell identity and function in human islets,bioRxiv (all),2025-12-26T00:00:00,https://www.biorxiv.org/content/10.64898/2025.12.24.696385v1?rss=1,No LLM provider configured.,,,False,False
928f03fce32ddda894aedbcadb5c567dc5b7c1d0a296a6d65fad43a005e2075e,Laser-driven VHEE pulsed fast fractionation (PFF): second-scale inter-pulse timing differentially modulates normal tissue and tumour toxicity,bioRxiv (all),2025-12-26T00:00:00,https://www.biorxiv.org/content/10.64898/2025.12.24.696225v1?rss=1,No LLM provider configured.,,,False,False
7e6a3de87326ed789c58b1cb5141a9becc8924ccdb9dfe34bd4875645227b8d1,MLL3 and MLL4 sustain hematopoietic stem cell multipotency by opposing a B-cell default state,bioRxiv (all),2025-12-26T00:00:00,https://www.biorxiv.org/content/10.64898/2025.12.24.696404v1?rss=1,No LLM provider configured.,,,False,False
76385b941cd1b7bdbe17f46ecae5659250e690c12729f24739a2ee7e9308fbcd,Air pollution exposure among people with limitations in activities of daily living in the United States,medRxiv (all),2025-12-24T00:00:00,https://www.medrxiv.org/content/10.64898/2025.12.22.25342861v1?rss=1,Summary skipped due to cap.,,,False,False
e29a164e088f6599529d90978bf84c66183899af5a70d61299336d5b7caa917c,Artificial intelligence-driven ECG biomarkers for screening of large pericardial effusion,medRxiv (all),2025-12-23T00:00:00,https://www.medrxiv.org/content/10.64898/2025.12.22.25342872v1?rss=1,Summary skipped due to cap.,,,False,False
3140d0f68711103c14896c6e6abc01899be00fd8947150b5342648d5a349a3c8,Mapping the prevalence of molecular markers of Plasmodium falciparum artemisinin partial resistance in Africa: a spatial-temporal modelling study,medRxiv (all),2025-12-23T00:00:00,https://www.medrxiv.org/content/10.64898/2025.12.22.25342873v1?rss=1,Summary skipped due to cap.,,,False,False
2a122bdc397095f039a43f121e433d997ec7290b8a9a2bad60ae9a69f422a790,Acute kidney injury and death in severe falciparum malaria,medRxiv (all),2025-12-23T00:00:00,https://www.medrxiv.org/content/10.64898/2025.12.22.25342813v1?rss=1,Summary skipped due to cap.,,,False,False
65c46a30f59b112080e8eb6b62e3cdc85822ee32231fcc8db98eb745c9f8be3e,Optimizing an LLM-Based Clinical Data Querying System Using Metadata Enrichment and Task Decomposition,medRxiv (all),2025-12-23T00:00:00,https://www.medrxiv.org/content/10.64898/2025.12.22.25342863v1?rss=1,Summary skipped due to cap.,,,False,False
4cd0bada37beafbde18da8b2e3591cb75043bc02091cc0f1c4159073f52aa61b,"Projected population health, demographics, and associated healthcare resource requirements from 2025 to 2047: modelling study in England",medRxiv (all),2025-12-23T00:00:00,https://www.medrxiv.org/content/10.64898/2025.12.22.25342817v1?rss=1,Summary skipped due to cap.,,,False,False
94f36bd90de323bd8a6b133a417ddab4ea7d165d6d586cfc652935ab1398decd,"The spatiotemporal distribution of substandard and falsified antimalarial medicines in Africa, 1996-2019",medRxiv (all),2025-12-23T00:00:00,https://www.medrxiv.org/content/10.64898/2025.12.22.25342680v1?rss=1,Summary skipped due to cap.,,,False,False
014bfca82e10ba7285cc9c4458cebd1fc8f9f5935e50579cbb280229de76bf66,"A Randomised, Triple-Blind, Dose-Finding Study of the Impact of Psilocybin on Motor Function in Healthy Participants",medRxiv (all),2025-12-23T00:00:00,https://www.medrxiv.org/content/10.64898/2025.12.22.25342874v1?rss=1,Summary skipped due to cap.,,,False,False
b1fbf43d64f3cf1a5d87840003edab6d9bdf9eb60b0730b1542540a3c19cdbc6,Efficacy and Safety of Pemvidutide in Patients with Metabolic Dysfunction-Associated Steatohepatitis: A Systematic Review and Dose-Specific Meta-Analysis of Randomized Controlled Trials,medRxiv (all),2025-12-23T00:00:00,https://www.medrxiv.org/content/10.64898/2025.12.22.25342824v1?rss=1,Summary skipped due to cap.,,,False,False
58634a8b322666269f1c134ee2e8ba1ab25dbd05263290970ba1dd131ae91fae,Association of Regular Antithrombotic Drug Use with the Risk of Non-Gallstone Acute Pancreatitis: A Prospective Cohort Study,medRxiv (all),2025-12-23T00:00:00,https://www.medrxiv.org/content/10.64898/2025.12.22.25342783v1?rss=1,Summary skipped due to cap.,,,False,False
cf1ff756da1d93201372fe0ec0044b4f6ea78523eb5ddba4643402f01b3e62dd,Decoding WNT Pathway Dysregulation in Bevacizumab-Treated Early-Onset Colorectal Cancer to Inform Precision Oncology,medRxiv (all),2025-12-23T00:00:00,https://www.medrxiv.org/content/10.64898/2025.12.22.25342868v1?rss=1,Summary skipped due to cap.,,,False,False
c800a132994706f775589ff358b8a2a288c55b50bff85dbcf882a7ea27bb4811,Uncovering Semantic Cognition Beyond Traditional Language batteries: Behavioural and Neural bases of the Semantic Knowledge Test,medRxiv (all),2025-12-23T00:00:00,https://www.medrxiv.org/content/10.64898/2025.12.22.25342886v1?rss=1,Summary skipped due to cap.,,,False,False
0eec15676d183bab742eacbe2359e543ed43faf4549c66995f06c56257b04450,Development and Validation of a Pan-Plasmodium Molecular Assay as a Confirmatory Method for Malaria Blood Donor Screening,medRxiv (all),2025-12-23T00:00:00,https://www.medrxiv.org/content/10.64898/2025.12.22.25342854v1?rss=1,Summary skipped due to cap.,,,False,False
342b546bfe9ccf4a46f1b6ae22ccd305096df5c601d0e57a17276fb1a81010fc,Colonoscopy Complications in Persons with Spinal Cord Injury - worth the risk?,medRxiv (all),2025-12-23T00:00:00,https://www.medrxiv.org/content/10.64898/2025.12.19.25342693v1?rss=1,Summary skipped due to cap.,,,False,False
b028a03855aea87f438bafb88c2a3fd4edc4c879882007aa02d22c23cf8fcbd3,From Preservation to Regeneration: Stem Cell-Derived Therapies in Machine-Perfused Kidney Transplants : A systematic Review and Meta-analysis,medRxiv (all),2025-12-23T00:00:00,https://www.medrxiv.org/content/10.64898/2025.12.22.25342821v1?rss=1,Summary skipped due to cap.,,,False,False
dee501995791bfab92ce64666191e16ebce726bf5764d5677d55cc85db3c417e,Baseline Serum Metabolites as Predictors of Teplizumab Response in Individuals with Type 1 Diabetes,medRxiv (all),2025-12-23T00:00:00,https://www.medrxiv.org/content/10.64898/2025.12.22.25342822v1?rss=1,Summary skipped due to cap.,,,False,False
91eed60bdeac7225c66037e6c9975c62a00e7a4999f58a1dd017dc5cf9fb01b6,Guidewire Morphology as a Predictor of Vascular Tortuosity and Advancement Difficulties During Right Upper Limb Coronary Angiography,medRxiv (all),2025-12-23T00:00:00,https://www.medrxiv.org/content/10.64898/2025.12.21.25342793v1?rss=1,Summary skipped due to cap.,,,False,False
a4320a051ac529b620ad853f45095b011e76d7efe8d9c61c4706b69b81176701,Erythrogram directly from the microscope eyepiece: a feasibility study using artificial intelligence,medRxiv (all),2025-12-23T00:00:00,https://www.medrxiv.org/content/10.64898/2025.12.23.25342416v1?rss=1,Summary skipped due to cap.,,,False,False
97cd552b91c39d402a915a3590045c4f4f8fa1769dc3d72113a13f32e22f8e40,Training needs of the aged care workforce providing services to Aboriginal and Torres Strait Islander peoples in South Australia: A cross-sectional survey,medRxiv (all),2025-12-23T00:00:00,https://www.medrxiv.org/content/10.64898/2025.12.21.25342785v1?rss=1,Summary skipped due to cap.,,,False,False
50a26d5152d2b63725c60996f8e73a24555dca13fb0669698387a30b3e91bede,Rare coding variation in OCD implicates shared genes with other psychiatric disorders,medRxiv (all),2025-12-23T00:00:00,https://www.medrxiv.org/content/10.64898/2025.12.22.25342827v1?rss=1,Summary skipped due to cap.,,,False,False
6f075581a7f400fef03ad39d369d31c22c2115a9d19196005b275a53c66eef7d,Predicting Motor Trajectories and Mapping Progression Subtypes in Parkinsons Disease via Structure-Function Neural Field Encoding and Multi-View Representation,medRxiv (all),2025-12-23T00:00:00,https://www.medrxiv.org/content/10.64898/2025.12.21.25342791v1?rss=1,Summary skipped due to cap.,,,False,False
1bef3451d3093a10a8ab6c0597a380fcf8b69c947ef987d091127f1eed2ccf4a,Mechanical Versus Manual Ventilation During Cardiopulmonary Resuscitation: A Systematic Review and Meta-Analysis,medRxiv (all),2025-12-23T00:00:00,https://www.medrxiv.org/content/10.64898/2025.12.19.25342720v1?rss=1,Summary skipped due to cap.,,,False,False
79787752d12fb7d30e834483dd0d9609e97f169db3d4da22ca6a471f2d381117,Comparative Study of the Prevention and Control of Sexually Transmitted Infections Including Genital Chlamydia in Young People Aged 15-24 Years: SWOT Analysis and TOWS Matrix in Mali and Burkina Faso,medRxiv (all),2025-12-23T00:00:00,https://www.medrxiv.org/content/10.64898/2025.12.21.25342780v1?rss=1,Summary skipped due to cap.,,,False,False
9e2fc5a53165e1dca9e4648eece6d533903c76ab2f82e5c1e4f24ea3ee40ce14,Parental Perception of Children Sleep Pattern Changes During FIFA 2022,medRxiv (all),2025-12-23T00:00:00,https://www.medrxiv.org/content/10.64898/2025.12.21.25342765v1?rss=1,Summary skipped due to cap.,,,False,False
74476e651e4f98bc98fc0f3c14d87b293582f127c71023dc83197d8ddeeb27aa,Associations between disease-specific polygenic risk scores and disease-specific causes of death in the UK Biobank cohort,medRxiv (all),2025-12-23T00:00:00,https://www.medrxiv.org/content/10.64898/2025.12.21.25342770v1?rss=1,Summary skipped due to cap.,,,False,False
75d2495c26b2db1da05b05f8174de0d21dec654331321a516145b2da5443011f,Multitask Artificial Intelligence-Based Electrocardiogram Tool for Preoperative Cardiac Testing in Noncardiac Surgery: Retrospective Cohort Study of Health Care Utilization and Costs,medRxiv (all),2025-12-23T00:00:00,https://www.medrxiv.org/content/10.64898/2025.12.21.25342775v1?rss=1,Summary skipped due to cap.,,,False,False
42dd9316055e4ba950b6494cdc7e11023efa3e52698b313dbb82cbe8329dbf28,ARCADE: Enhancing Automated Document Analysis Through Adversarial Multi-Agent Validation,medRxiv (all),2025-12-23T00:00:00,https://www.medrxiv.org/content/10.64898/2025.12.21.25342744v1?rss=1,Summary skipped due to cap.,,,False,False
416c71fa1fa0a7cb4f37d7543a5b9b6538eceb29e66aa8254aa39f9f9afd12f9,"CKS2, ERG28, ERP44, and FAM32A as Therapeutic-Responsive Oncogenic Biomarkers in Adrenocortical Carcinoma: A Multi-Omics, Systems-Level Analysis",medRxiv (all),2025-12-23T00:00:00,https://www.medrxiv.org/content/10.64898/2025.12.21.25342239v1?rss=1,Summary skipped due to cap.,,,False,False
2a5d928627d508dd2abd26afca073bd551b055482a4e7b0aa6af4f443f92c2a5,"Characterization of Entomological Drivers of Malaria Transmission in Five Villages, Keerom Regency, Papua, Indonesia",medRxiv (all),2025-12-23T00:00:00,https://www.medrxiv.org/content/10.64898/2025.12.19.25342627v1?rss=1,Summary skipped due to cap.,,,False,False
034213faba5085649b603d3006ee218d1c05cdc4521600862a7ea7ffe59aebed,The Calculus of Confidence: Modelling Vaccine Hesitancy and Strategies for Support,medRxiv (all),2025-12-23T00:00:00,https://www.medrxiv.org/content/10.64898/2025.12.21.25342784v1?rss=1,Summary skipped due to cap.,,,False,False
56c579d0d797a5f96cc500831a740aef62ec75c5169121af718ff10f41833a74,RNF186 as a Prognostic Biomarker and Its Correlation with Immune Cell Infiltration in Clear Cell Renal Cell Carcinoma,PubMed - cancer (broad),2025-12-26T00:00:00,https://pubmed.ncbi.nlm.nih.gov/41452635/,No LLM provider configured.,,,False,False
0363f49f0d8431dfa11b7ad630fa2beca7fdfd53ada32b0ae364c576554fbac8,Patient-Reported Outcomes Across Treatment Strategies in Papillary Thyroid Microcarcinoma: A Meta-Analysis,PubMed - cancer (broad),2025-12-26T00:00:00,https://pubmed.ncbi.nlm.nih.gov/41452620/,No LLM provider configured.,,,False,False
2ef6f4f6854e821ab2fe64d8337435e63f4523da99ee9c5b3b56ef30ecaaaebd,Enhancement of Patient-Centered Lung Cancer Screening: The MyLungHealth Randomized Clinical Trial,PubMed - cancer (broad),2025-12-26T00:00:00,https://pubmed.ncbi.nlm.nih.gov/41452617/,No LLM provider configured.,,,False,False
98805f1109746b5b5b3179c71c75a20304e60d26aada56bf6753518054ac72d1,Baseline Fatigue and Severe Toxic Effects in Patients With Cancer Receiving Systemic Therapy,PubMed - cancer (broad),2025-12-26T00:00:00,https://pubmed.ncbi.nlm.nih.gov/41452615/,No LLM provider configured.,,,False,False
3ca23ccae9617c629e0845fd7d4a054e5d41ab6e0269d019043b5faac1722b6b,Concerns in the Propensity Score-Matched Analysis-Reply,PubMed - cancer (broad),2025-12-26T00:00:00,https://pubmed.ncbi.nlm.nih.gov/41452614/,No LLM provider configured.,,,False,False
8d59d3f87aea1f90608f116a108aa5ef76bc914ae57b371ec1ea5d28eb8d660b,Immune Checkpoint Inhibitor-Induced Diabetes Across National Cancer Institute Trials That Included PD-1 or PD-L1 Agents,PubMed - cancer (broad),2025-12-26T00:00:00,https://pubmed.ncbi.nlm.nih.gov/41452607/,No LLM provider configured.,,,False,False
ea50e020ba75a0459b66a77588f09fde5d87eb9d9bf4462c0f7d7a2c1c627f84,Oncology Drug Revenue and Price Negotiation,PubMed - cancer (broad),2025-12-26T00:00:00,https://pubmed.ncbi.nlm.nih.gov/41452598/,No LLM provider configured.,,,False,False
4670e479add3262b738ed036cb76e5e950329a43b74a651a013714e971096ca3,"""Exosomal blueprint of lung-tropic metastasis: molecular signatures, microenvironmental conditioning, and translational implications in cancer""",PubMed - cancer (broad),2025-12-26T00:00:00,https://pubmed.ncbi.nlm.nih.gov/41452573/,No LLM provider configured.,,,False,False
7ff284c6ba05675aa02955bdc54a5b82cf2051da4cf27a6789fbb664033e2b05,Role of Aldo-Keto reductase family 1 member C in cancer progression: a special focus on the role of AKR1C1 in pancreatic cancer,PubMed - cancer (broad),2025-12-26T00:00:00,https://pubmed.ncbi.nlm.nih.gov/41452572/,No LLM provider configured.,,,False,False
9d35906d865e57bd0634b2606f6c56fe4e638a1bc2549c6935a70d27bd52ef05,Emerging Anti-Cancer and Repurposed Therapies for Overcoming Multidrug Resistance in Lung Cancer,PubMed - cancer (broad),2025-12-26T00:00:00,https://pubmed.ncbi.nlm.nih.gov/41452570/,No LLM provider configured.,,,False,False
25ce5977b74c7e994c0aae0a63bd02bdd9c0f5e4d52f5b1afe10bb8e947cb8cc,Psychosocial experiences of cancer patients across the COVID-19 era: Lasting implications for oncology,PubMed - cancer (broad),2025-12-26T00:00:00,https://pubmed.ncbi.nlm.nih.gov/41452569/,No LLM provider configured.,,,False,False
b622199a4fcee28ada976708a448282cdaf54427142c8a5b9e1f108c284433c2,"Engineered nanoparticles for endocrine tumor targeting, current progress and future outlook",PubMed - cancer (broad),2025-12-26T00:00:00,https://pubmed.ncbi.nlm.nih.gov/41452564/,No LLM provider configured.,,,False,False
c9012af228dab1f79dea216d60689d76a7e416a34d2676f097ab7d02fb510606,ECSCR functions as a potential tumor suppressor in breast cancer cells,PubMed - cancer (broad),2025-12-26T00:00:00,https://pubmed.ncbi.nlm.nih.gov/41452562/,No LLM provider configured.,,,False,False
d3ae83f20012146a7c45d988bc406b291951215fd1e2f05da6a09905d1a2ce56,Targeting collagen Prolyl 4-hydroxylase for cancer treatment,PubMed - cancer (broad),2025-12-26T00:00:00,https://pubmed.ncbi.nlm.nih.gov/41452560/,No LLM provider configured.,,,False,False
0c01c0a404b9de5e6588f11a2fabec9e88095a704add3501d7c36528237f188b,Combined inhibition of insulin growth factor 1 receptor and autophagy prevents colorectal cancer metastasis,PubMed - cancer (broad),2025-12-26T00:00:00,https://pubmed.ncbi.nlm.nih.gov/41452559/,No LLM provider configured.,,,False,False
29a81c7b49334d56714d21e11acff91060882c786e4657481bd38c67596eb81b,Exosomal non-coding RNAs as emerging drivers of immune dysregulation in melanoma,PubMed - cancer (broad),2025-12-26T00:00:00,https://pubmed.ncbi.nlm.nih.gov/41452554/,No LLM provider configured.,,,False,False
5f4e6a3b0c66ce5bcea5fc39244154033abbf08612bab8f07a94f02ad74f7d49,Lipidomics analysis of ceramidase inhibition-induced intracellular lipid profile changes in lung cancer cells,PubMed - cancer (broad),2025-12-26T00:00:00,https://pubmed.ncbi.nlm.nih.gov/41452552/,No LLM provider configured.,,,False,False
b45fa00d418939223ab6c6776beb45f46cdf8789c5bccfc80bf1f242d8689a95,Dysfunctional variants of ABCG2 create strong individual and population risks for progression of hyperuricemia: the potential for implementation of genome-personalized nursing,PubMed - cancer (broad),2025-12-26T00:00:00,https://pubmed.ncbi.nlm.nih.gov/41452549/,No LLM provider configured.,,,False,False
48c3d06085db110195a38dc7875781535d11e1495b7a6e002f6134ae93425bc9,Nanovaccines in hepatocellular carcinoma: a new frontier in cancer immunotherapy,PubMed - cancer (broad),2025-12-26T00:00:00,https://pubmed.ncbi.nlm.nih.gov/41452547/,No LLM provider configured.,,,False,False
d166bbdfad4e726d0e5f6e734bb5ea3e54028fa21a228a8b3c0d2a6250d3d919,Revisiting the use of steroids in oncology,PubMed - cancer (broad),2025-12-26T00:00:00,https://pubmed.ncbi.nlm.nih.gov/41452544/,No LLM provider configured.,,,False,False
1007e16ee10c97605bbe9c362c7322d70d817a2d67d57b469e1e928fb525ac0c,Investigation of the effect of encapsulating cisplatin with the active compound silibinin in PLGA polymeric nanoparticles on the HeLa cervical cancer cell line,PubMed - cancer (broad),2025-12-26T00:00:00,https://pubmed.ncbi.nlm.nih.gov/41452543/,No LLM provider configured.,,,False,False
8970181e837a3f57c1f3167196c49b1f8d8a3ae4411668f70fbc5b38f14a2f15,Acute cardiovascular events after discontinuation of xanthine oxidase inhibitors: a cohort study,PubMed - cancer (broad),2025-12-26T00:00:00,https://pubmed.ncbi.nlm.nih.gov/41452540/,No LLM provider configured.,,,False,False
681506794a5b98c0734d35722cb937a35c97beea4b5d35db349c6242935b0544,Update on the role of mycobiome in Gastrointestinal cancers: mechanisms and therapeutic implications,PubMed - cancer (broad),2025-12-26T00:00:00,https://pubmed.ncbi.nlm.nih.gov/41452539/,No LLM provider configured.,,,False,False
32b9e9d33903b0df2ae82a8c937a362be992c214dd3c27e18c6b119b46de61ec,Understanding the role of vitamin D in osteosarcoma: A narrative review,PubMed - cancer (broad),2025-12-26T00:00:00,https://pubmed.ncbi.nlm.nih.gov/41452538/,No LLM provider configured.,,,False,False
81a3cc38fea714a35ab93c3927f2d5c49c0587f844da6a855fe5a07c289b7561,Intrinsic and extrinsic risk factors in tumor-related epilepsy,PubMed - cancer (broad),2025-12-26T00:00:00,https://pubmed.ncbi.nlm.nih.gov/41452537/,No LLM provider configured.,,,False,False
744401dff52ff8609507a7a4838085f8123127b058371cf14bbd235afb43ccb3,Prediction of postoperative complications after robotic radical cystectomy: comparison of four preoperative scores,PubMed - cancer (broad),2025-12-26T00:00:00,https://pubmed.ncbi.nlm.nih.gov/41452536/,No LLM provider configured.,,,False,False
61fcb2c8403ee67f521cb52fa73781315d5e5e44a7d1466bfaefd5a15d641bd6,Rational design and structural Bioinformatics-Driven discovery of tetrapeptide inhibitors for LIMK-Targeted cancer therapy,PubMed - cancer (broad),2025-12-26T00:00:00,https://pubmed.ncbi.nlm.nih.gov/41452532/,No LLM provider configured.,,,False,False
44cd7a710999cfbf7484da33485e18b21ad0a67eab5f58cbecde60155ed37bae,mTORC1 inhibition by metformin synergizes with dendrosomal nano-curcumin to induce apoptosis via modulation of pro- and anti-apoptotic proteins in breast cancer cells,PubMed - cancer (broad),2025-12-26T00:00:00,https://pubmed.ncbi.nlm.nih.gov/41452530/,No LLM provider configured.,,,False,False
12c11cb4106c288cb84977ef170f638ce4e2dd03127fe532215db5d443379ae0,Cancer epidemiology in rare and hereditary colorectal diseases 2) anal canal cancer (cancer statistics),PubMed - cancer (broad),2025-12-26T00:00:00,https://pubmed.ncbi.nlm.nih.gov/41452529/,No LLM provider configured.,,,False,False
569105b5c01a59bf24d3262f8d53633a4f67c79818f0b6787f09ec40dd8b61a9,One-year post-discharge health-related quality of life in digestive and oncology patients: a three-group comparison by nutritional status and care,PubMed - cancer (broad),2025-12-26T00:00:00,https://pubmed.ncbi.nlm.nih.gov/41452524/,No LLM provider configured.,,,False,False
dbf0bc63546db95047585440aa17b3b8b1e1dd0ba98a90363404aa290f44c05c,Robotic primary ventral hernia repair-a multi-national Delphi expert consensus,PubMed - cancer (broad),2025-12-26T00:00:00,https://pubmed.ncbi.nlm.nih.gov/41452522/,No LLM provider configured.,,,False,False
c4435ad6b74f93ed87122d661c15c2c6df638030cb26b3623f618519ee22052a,The Canadian Association of Radiation Oncology - Underrepresented in Radiation Oncology Mentorship Program (CARO-UROMP),PubMed - cancer (broad),2025-12-26T00:00:00,https://pubmed.ncbi.nlm.nih.gov/41452520/,No LLM provider configured.,,,False,False
c1c1553ec56b63020b86c29c63c333e3438755552743bb9da208057981ec97c0,Systemic exosome abundance and comprehensive proteome profile of lymphoma-derived exosomes: Insights into host-tumor interactions,PubMed - cancer (broad),2025-12-26T00:00:00,https://pubmed.ncbi.nlm.nih.gov/41452516/,No LLM provider configured.,,,False,False
916ab05f41292c800e261efd05e2dbbfb03d2da5b17d34d5ef0785b064f42097,Enhanced cytotoxic and antitumour properties of Cleome gynandra on Ehrlich ascites carcinoma in swiss albino mice,PubMed - cancer (broad),2025-12-26T00:00:00,https://pubmed.ncbi.nlm.nih.gov/41452515/,No LLM provider configured.,,,False,False
706db66ffd4e8be620e7661845c15c4efd6743397e8cdcd7019a049b817e526e,"Microbiota relationship between breast, colorectal, and lung cancer types",PubMed - cancer (broad),2025-12-26T00:00:00,https://pubmed.ncbi.nlm.nih.gov/41452506/,No LLM provider configured.,,,False,False
d409fd0ed646b8d61dba142b1781e350d898dad691e0447d6a54b5d1ac4b0b75,Ethical challenges and governance of artificial intelligence in hepatocellular carcinoma management : Wan DL et al. Ethical considerations in AI for hepatocellular carcinoma,PubMed - cancer (broad),2025-12-26T00:00:00,https://pubmed.ncbi.nlm.nih.gov/41452505/,No LLM provider configured.,,,False,False
f50405f11896630740ee45f0498102332611e0ac86744666bf4875ea4554fe6e,Unveiling the hidden harms: a review on the deeper exploration of side effects of oncotherapy,PubMed - cancer (broad),2025-12-26T00:00:00,https://pubmed.ncbi.nlm.nih.gov/41452494/,No LLM provider configured.,,,False,False
b5fd817a96f84106cbdc342811b8d29ec3ea4daa5089081d9b43714f0b614141,Engineered pluronic nanomicelles containing ATRA and sodium butyrate for selective TNBC differentiation therapy,PubMed - cancer (broad),2025-12-26T00:00:00,https://pubmed.ncbi.nlm.nih.gov/41452488/,No LLM provider configured.,,,False,False
fce371ee6926a649692e85a6b765206b80f6a391ef299f3b9b79fde1e277f0b9,Tumor biology and access to care and metastatic breast cancer outcomes,PubMed - cancer (broad),2025-12-26T00:00:00,https://pubmed.ncbi.nlm.nih.gov/41452486/,No LLM provider configured.,,,False,False
56a2417a1b55df84015925e7856eb4e308d523cecf601ef10367a119ef58dfce,Novel Approach of an Automated Radiolabeling of Micro- and Nanoscale UiO-66 MOFs for Internal Radiotherapy of Breast Cancer,PubMed - cancer (broad),2025-12-26T00:00:00,https://pubmed.ncbi.nlm.nih.gov/41452472/,No LLM provider configured.,,,False,False
b8c4cae4f2d22d5d344f01e335028d0d89618775a07458185e6ed4cec076d718,Expanding the differential diagnosis of bone-forming tumors: a new entity characterized by a NIPBL::BEND2 fusion,PubMed - cancer (broad),2025-12-26T00:00:00,https://pubmed.ncbi.nlm.nih.gov/41452469/,No LLM provider configured.,,,False,False
000bd15c24cb5f764355cd5fb727a92842a556193c717c7bc6ef5a7a12215c98,Protonic Acid/Viscosity-Activatable Type-I Photosensitizer via Donor and π-Bridge Modulation for Second Near-Infrared Imaging-Guided Photodynamic and Photothermal Therapy,PubMed - cancer (broad),2025-12-26T00:00:00,https://pubmed.ncbi.nlm.nih.gov/41452466/,No LLM provider configured.,,,False,False
e0127cfed4c832d3620ea76c1fd0c7c4aab0648b7e6840576b3cafc4bd88620a,An Evolutionary Metric for Estimating PhyloAges from Bulk Sequencing of Hematopoietic Stem Cells Reveals the Tempo of Blood Aging in Cancer and Longevity,PubMed - cancer (broad),2025-12-26T00:00:00,https://pubmed.ncbi.nlm.nih.gov/41452464/,No LLM provider configured.,,,False,False
a392b6b0e2a112e7e3d85fd1e3c4a4acde4913dee34d3c9b033ba46d50b52e29,Selective modulation of murine intestinal M(1) and M(3) muscarinic receptor expression has divergent effects on specialized epithelial cells and body weight,PubMed - cancer (broad),2025-12-26T00:00:00,https://pubmed.ncbi.nlm.nih.gov/41452458/,No LLM provider configured.,,,False,False
80f7b486b3b1b5746b016fb5d727151bc8c4b59ad24becbdab36c8bb6378b61f,Tongue cancer in pregnancy: challenges and outcomes. A case series and review of the literature,PubMed - cancer (broad),2025-12-26T00:00:00,https://pubmed.ncbi.nlm.nih.gov/41452444/,No LLM provider configured.,,,False,False
f6afd4f979ecb301f4b5b0e654b2ea6d65a88381bdeca9a004d7455079c25d6d,Exploring medicinal mechanism of baicalin in tumor microenvironment of melanoma via bioinformatic and in vitro study,PubMed - cancer (broad),2025-12-26T00:00:00,https://pubmed.ncbi.nlm.nih.gov/41452443/,No LLM provider configured.,,,False,False
bc228c28895bfdd7e617e57196658e54412e80426490f62d6aa2b1e037807518,Antitumor effects of morphine and tramadol on lung metastasis of melanoma tumor cells in vitro and in vivo,PubMed - cancer (broad),2025-12-26T00:00:00,https://pubmed.ncbi.nlm.nih.gov/41452437/,No LLM provider configured.,,,False,False
7d0b317fca94d0154013852d97cb722d5e7ca4bef299e527163ba486f4c28969,KLHL4 upregulates EGFR signaling to promote the malignant progression of oral squamous cell carcinoma,PubMed - cancer (broad),2025-12-26T00:00:00,https://pubmed.ncbi.nlm.nih.gov/41452436/,No LLM provider configured.,,,False,False
a0b5d2900d82545b2b45c5d58b0a2901a088269db7e72c5ff8c5acba48cf6023,Selective by design: early adoption patterns of single-port off-clamp robotic partial nephrectomy in a high-volume center,PubMed - cancer (broad),2025-12-26T00:00:00,https://pubmed.ncbi.nlm.nih.gov/41452433/,No LLM provider configured.,,,False,False
f6564c50608d9ee2625cf43f048bdd60d5c897a384c6e585b1d4987448f7e92c,Intelligent design of tumor microenvironment-responsive Adeno-associated virus vectors: overcoming delivery barriers and enabling precision therapy,PubMed - cancer (broad),2025-12-26T00:00:00,https://pubmed.ncbi.nlm.nih.gov/41452431/,No LLM provider configured.,,,False,False
9f68afbafb552c5eb825e2ce0517aaadb70a24c2246e6b6a9a188dce6b7f02c7,HSPA8 promotes the progression of gastric cancer by activating the canonical Wnt pathway and glycolysis,PubMed - cancer (broad),2025-12-26T00:00:00,https://pubmed.ncbi.nlm.nih.gov/41452430/,No LLM provider configured.,,,False,False
e2104f3cb8145ca75d138ebdea8ba4c246360470aabdfcddb876eded6db25568,The protective effect of probiotic therapy on gut microbiota and the activation of ω-oxidation after ovarian cancer surgery,PubMed - cancer (broad),2025-12-26T00:00:00,https://pubmed.ncbi.nlm.nih.gov/41452428/,No LLM provider configured.,,,False,False
28c52720cbec3508f6513c8b8d75936df75dea57d17b1b676aba9b9d28f79622,Therapeutic potential of natural triterpenoids in liver cancer,PubMed - cancer (broad),2025-12-26T00:00:00,https://pubmed.ncbi.nlm.nih.gov/41452426/,No LLM provider configured.,,,False,False
6ba0ba44d01c6924e722fbd4514dc5a882d4eda93715fccdaa1e9a1ea06fbc41,Exposure to Fine Particulate Air Pollution and Risk of Adverse Health Outcomes in Women and Children in Bangladesh,PubMed - cancer (broad),2025-12-26T00:00:00,https://pubmed.ncbi.nlm.nih.gov/41452416/,No LLM provider configured.,,,False,False
cfb74fffed3923d409929c79876545a68d8049b509f1501b992678b6e5fcae74,Efficacy of controlling external pressure on the lower leg during surgical positioning on preventing rhabdomyolysis and well leg compartment syndrome after robot-assisted radical prostatectomy,PubMed - cancer (broad),2025-12-26T00:00:00,https://pubmed.ncbi.nlm.nih.gov/41452413/,No LLM provider configured.,,,False,False
150ff35721b6c59f762e2ce883b86f23fcdfecb5096c8734644a59198b7bd604,Harnessing nature's arsenal: next steps for garlic-based therapies in acute myeloid leukemia,PubMed - cancer (broad),2025-12-26T00:00:00,https://pubmed.ncbi.nlm.nih.gov/41452404/,No LLM provider configured.,,,False,False
5603428004dcd49332a195b81e4a3722c69541dabe620cd14ac02f1f68d3306f,"The role of exosomal long non-coding RNAs in head, neck and thyroid cancers",PubMed - cancer (broad),2025-12-26T00:00:00,https://pubmed.ncbi.nlm.nih.gov/41452402/,No LLM provider configured.,,,False,False
4f731ef9e6e025e18e5bcfa314b936db6baf38fece7c0d9afec2e6ec30846d6d,Fatty acid metabolic signature reveals FASN as an immunosuppressive factor in DLBCL tumor microenvironment,PubMed - cancer (broad),2025-12-26T00:00:00,https://pubmed.ncbi.nlm.nih.gov/41452398/,No LLM provider configured.,,,False,False
c5807baaf57bf0386b8fcabce0389a5c867adfb284d92838ed088d2ad7d44ab9,Anti-tumor effects and mechanism of the histone demethylase inhibitor GSK-J4 in non-small cell lung cancer cells,PubMed - cancer (broad),2025-12-26T00:00:00,https://pubmed.ncbi.nlm.nih.gov/41452395/,No LLM provider configured.,,,False,False
33c95859f9b5cf3d4d242a69e1919b10846963905b8e0b0f5d826f0fb7b10173,Correction: Prediction models for different types of leukemia: a systematic review and critical appraisal,PubMed - cancer (broad),2025-12-26T00:00:00,https://pubmed.ncbi.nlm.nih.gov/41452394/,No LLM provider configured.,,,False,False
51edc845a386dbab4591115a6433e434c1cf1fdef4334d506a3af48a2920c484,Icaritin suppresses CAD-mediated liver cancer development by targeting miR-18b-5p in a xenograft mouse model,PubMed - cancer (broad),2025-12-26T00:00:00,https://pubmed.ncbi.nlm.nih.gov/41452393/,No LLM provider configured.,,,False,False
7254113316aba5855ed835f20a26f96b4510570820ef0edce78d5a3620073161,Epigenomic landscape of nasopharyngeal carcinoma,PubMed - cancer (broad),2025-12-26T00:00:00,https://pubmed.ncbi.nlm.nih.gov/41452386/,No LLM provider configured.,,,False,False
4b6624c07d5c7585ecace677c573faad3b3cafdb9dfdae3458aaf1b5c0104962,The influence of cell phenotype on collective cell invasion into the extracellular matrix,PubMed - cancer (broad),2025-12-26T00:00:00,https://pubmed.ncbi.nlm.nih.gov/41452381/,No LLM provider configured.,,,False,False
425c9ded47cc41a60f312fbcee507df6b79a6c819f2025382c9f58781b76218f,Cranial fasciitis of the ethmoid: a rare mimic of pediatric intracranial malignancy,PubMed - cancer (broad),2025-12-26T00:00:00,https://pubmed.ncbi.nlm.nih.gov/41452366/,No LLM provider configured.,,,False,False
74cfbfaec3b14f4564c4fbd74c8dcc832d4c4402f909b87f6b255076e8c51762,Machine learning-guided discovery and molecular dynamics simulation of VISTA-targeted immunotherapeutics for cancer immunotherapy,PubMed - cancer (broad),2025-12-26T00:00:00,https://pubmed.ncbi.nlm.nih.gov/41452360/,No LLM provider configured.,,,False,False
b6ceeababef9fc21be094c3dd92a8887d7e2bd84d64b4f09c59fef194a815ffb,PARP-1 inhibition attenuates tumor pathology in a novel murine model of diabetes-associated colitis-induced colorectal cancer,PubMed - cancer (broad),2025-12-26T00:00:00,https://pubmed.ncbi.nlm.nih.gov/41452358/,No LLM provider configured.,,,False,False
4c5f4134cadf1a4f1a6984f75233ff4d169146ed02acec8e2d1708dce2039e29,NO/iNOS axis impact on glioma stem cells and temozolomide resistance,PubMed - cancer (broad),2025-12-26T00:00:00,https://pubmed.ncbi.nlm.nih.gov/41452357/,No LLM provider configured.,,,False,False
1bd30d7709d3706da147044fbffa0e6a4188122c066115ac61f373482c791e1d,"The role of immunomodulatory nano systems in the treatment of sepsis: past, present, and future",PubMed - cancer (broad),2025-12-26T00:00:00,https://pubmed.ncbi.nlm.nih.gov/41452346/,No LLM provider configured.,,,False,False
76222f5187870a2abc6052402586464056a77e084fcac29013fd82ae9eccf13d,"Individualised Perioperative Blood Pressure and Fluid Therapy in Oesophagectomy a prospective, single-blind randomised controlled trial",PubMed - cancer (broad),2025-12-26T00:00:00,https://pubmed.ncbi.nlm.nih.gov/41452340/,No LLM provider configured.,,,False,False
cdbc1d1d6795daa1d8a3f2ebf7a0c72a973293f24b25824a9d77218e03dc2786,Updating Prognostic Assessment for Spinal Metastases With a Combined Model of the Spinal Instability Neoplastic Score and the New Katagiri Score,PubMed - cancer (broad),2025-12-26T00:00:00,https://pubmed.ncbi.nlm.nih.gov/41452301/,No LLM provider configured.,,,False,False
7f6c660210181a2e4f9422f1593029313284d12c73e9e379cbc943c88b06bffb,Zinc-Mediated Loading and Release of His-Tagged Recombinant Proteins in Self-Assembling Peptide Coacervates,PubMed - cancer (broad),2025-12-26T00:00:00,https://pubmed.ncbi.nlm.nih.gov/41452270/,No LLM provider configured.,,,False,False
566080738c9737e07fb138629108e84778a1bcc3939de806830a03f4ccbae00f,3D-Printed Gastrointestinal Stents: In Vivo Evaluation in a Swine Small Bowel Perforation Model,PubMed - cancer (broad),2025-12-26T00:00:00,https://pubmed.ncbi.nlm.nih.gov/41452207/,No LLM provider configured.,,,False,False
951626267e5b01a0c5b356f2adc1ffa1d2e0ec61b80d0e39d42fe60891864f03,Carotid Intima-Media Thickness as a Marker of Subclinical Atherosclerosis in Adolescents With Severe Haemophilia,PubMed - cancer (broad),2025-12-26T00:00:00,https://pubmed.ncbi.nlm.nih.gov/41452140/,No LLM provider configured.,,,False,False
644b48bad65e27c0e5104136bd4ae179a75e48e9ba0c2d8209f05e326e4c558b,Clues for glues: from serendipity to nature's blueprints in degrader discovery,PubMed - cancer (broad),2025-12-22T00:00:00,https://pubmed.ncbi.nlm.nih.gov/41452132/,Summary skipped due to cap.,,,False,False
7dbc8a2d80e448c948b7715503d9e2ad2b4a937fb1b225e12213affb8cac2bf6,"Targeting P-glycoprotein with novel halogenated 4H-pyran-coumarin hybrids: a combined experimental, computational approach to tumor-sensitive and -resistant (breast) cancer cell lines",PubMed - cancer (broad),2025-12-26T00:00:00,https://pubmed.ncbi.nlm.nih.gov/41452078/,No LLM provider configured.,,,False,False
e112a94cc3014b932b1f083a459fc299a38e9d4ffec18e6731ce95ed90da0ff6,Inhibition of MDM2 by nutlin-3 decreased pyroptosis but increased apoptosis of lung carcinoma cells under 5-FU chemotherapy,PubMed - cancer (broad),2025-12-26T00:00:00,https://pubmed.ncbi.nlm.nih.gov/41452010/,No LLM provider configured.,,,False,False
0a02fb4197d7d12ace58b36165fe60040c5c35f027fab20bda3604db30e1091c,A New Method to Enhance Electrochemiluminescence of Imine-Based Covalent Organic Frameworks,PubMed - cancer (broad),2025-12-26T00:00:00,https://pubmed.ncbi.nlm.nih.gov/41452007/,No LLM provider configured.,,,False,False
bffcdf82ab8aced3f59b619cb68de9c6eb1e8c02f1c72907a39894d34a055efa,"High glucose enhances lung cancer cell aggressiveness: The impacts of GLUT1, UAP1, UGP2, and N-linked Glycosylation",PubMed - cancer (broad),2025-12-26T00:00:00,https://pubmed.ncbi.nlm.nih.gov/41452006/,No LLM provider configured.,,,False,False
00a4994709baa149fe763a1eab0d9d24f72a6855e1f8c439966f0a1bf67c919e,Development and clinical validation of an ERA-CRISPR/Cas12a assay for the rapid detection of 14 high-risk HPV types,PubMed - cancer (broad),2025-12-26T00:00:00,https://pubmed.ncbi.nlm.nih.gov/41451985/,No LLM provider configured.,,,False,False
373b7bb93d8839da9920c4f82ce76b5449d7dc1702ded96a8f4773bd045e8f1b,Clinicopathologic Features of Six Patients With Metastatic Carcinoma to the Uterine Cervix,PubMed - cancer (broad),2025-12-26T00:00:00,https://pubmed.ncbi.nlm.nih.gov/41451979/,No LLM provider configured.,,,False,False
d4ae82687f1b6173df5c6c48f5f15909fbdafe4dd6a5ada24a05112263bc8f7e,Glomangioma of the Kidney: Report of a Rare Presentation and Comprehensive Review of the Literature,PubMed - cancer (broad),2025-12-26T00:00:00,https://pubmed.ncbi.nlm.nih.gov/41451932/,No LLM provider configured.,,,False,False
e3e1b8f9429531b3c7c5dd31a89fd5829c499398951107b8b50fc54c4090e886,Endovascular closure of cavopulmonary window: multimodality pre-operative and post-operative evaluation,PubMed - cancer (broad),2025-12-26T00:00:00,https://pubmed.ncbi.nlm.nih.gov/41451928/,No LLM provider configured.,,,False,False
e3e7858f06986e07f4660575ebc668c1406b1778cf8da1aea4bd29f2edeed572,The unseen symptom: A longitudinal qualitative interview study exploring mobility loss in people with advanced cancer,PubMed - cancer (broad),2025-12-26T00:00:00,https://pubmed.ncbi.nlm.nih.gov/41451883/,No LLM provider configured.,,,False,False
2bf3dc80a391678048dc84e329f15163b31972a83629e9786be98400f8b4f804,In Situ Characterization and Deep Profiling of Engineered Multispecific Nanoparticle Metabolite Coronas for Precise Serum Diagnostics,PubMed - cancer (broad),2025-12-26T00:00:00,https://pubmed.ncbi.nlm.nih.gov/41451882/,No LLM provider configured.,,,False,False
3863176a9a673e267290af119b20b0a71682c45ab1a90c85c9d6911673bfc048,Defining patients living long-term with incurable cancer: A modified hybrid Delphi study,PubMed - cancer (broad),2025-12-26T00:00:00,https://pubmed.ncbi.nlm.nih.gov/41451877/,No LLM provider configured.,,,False,False
280f0024c9ec128622b384cfac93ffacb22f15a0d1490123543b7056e3dbf84d,Efficacy and relapse profiles of Pola-R-CHP versus R-CHOP in previously untreated diffuse large B-cell lymphoma: A multicentre real-world study,PubMed - cancer (broad),2025-12-26T00:00:00,https://pubmed.ncbi.nlm.nih.gov/41451861/,No LLM provider configured.,,,False,False
4aa7916e69665ee7773c541236e9f9402b4240fc1032212841685badd1aea571,P53 Expression Associated With Smoking for Laryngeal Tumor Recurrence in Patients With Free Surgical Margins,PubMed - cancer (broad),2025-12-26T00:00:00,https://pubmed.ncbi.nlm.nih.gov/41451856/,No LLM provider configured.,,,False,False
42c25d05f4c4c6642434abb26a8d543fc50032774db7e0b0f1df78ecc4131724,Prognostic Significance of CIAPIN1 Expression and Its Association to Clinicopathological Factors in Swedish Patients with Colorectal Cancer,PubMed - cancer (broad),2025-12-26T00:00:00,https://pubmed.ncbi.nlm.nih.gov/41451833/,No LLM provider configured.,,,False,False
749e78339f68fcf63ec9fccee0f49f5001954157b25ae9363db635e262615253,"Benzimidazole derivatives as anticancer agents: a comprehensive review of their synthesis, mechanism, and clinical potential",PubMed - cancer (broad),2025-12-26T00:00:00,https://pubmed.ncbi.nlm.nih.gov/41451830/,No LLM provider configured.,,,False,False
fac97bff2cd5ae11eb9085312ed17dd62efe684ea5f58a326ddbffc59f76c904,Identification and Validation of a Prognostic Risk-Scoring Model Based on LATS2 Expression in Acute Myeloid Leukemia,PubMed - cancer (broad),2025-12-26T00:00:00,https://pubmed.ncbi.nlm.nih.gov/41451824/,No LLM provider configured.,,,False,False
49d4364eff3b1a59a157e5136194f523c440683cddc8b842c8df66f35caf2b7d,Efficacy of Multimodal Work-Up of Head and Neck Squamous Cell Carcinoma Lymph Node Metastasis of Unknown Primary,PubMed - cancer (broad),2025-12-26T00:00:00,https://pubmed.ncbi.nlm.nih.gov/41451817/,No LLM provider configured.,,,False,False
cb97657ab7ea5ebe35ae3d03bfa53438513e9951d5be99a1491f91c24a633dfc,The Effect of Hand Massage on Quality of Life After Mastectomy: A Randomized Controlled Trial,PubMed - cancer (broad),2025-12-26T00:00:00,https://pubmed.ncbi.nlm.nih.gov/41451814/,No LLM provider configured.,,,False,False
2b7419effee96e1c798adc31b66602fb1300b19c99d7c73bbacb67a7633c891a,Cancer Inducing Role of BK Polyomavirus Large T Antigen: Molecular Signaling View,PubMed - cancer (broad),2025-12-26T00:00:00,https://pubmed.ncbi.nlm.nih.gov/41451795/,No LLM provider configured.,,,False,False
9acb294c5ff839fefc344ad8ccba9e710d8c2ee799b9e967f6e05bb7f71f8ec0,"Diagnostic Costs of Metastatic and Unknown Primary Cancers in Alberta, Canada, 2017-2021",PubMed - cancer (broad),2025-12-26T00:00:00,https://pubmed.ncbi.nlm.nih.gov/41451792/,No LLM provider configured.,,,False,False
7ed74863544ec665afe7ea45b843f59ff29e4c3abbc1637ef43a53f33329e0a6,Immunomodulatory Effect of First-Line Cisplatin Versus Carboplatin in Response to Second-Line Nivolumab Therapy in Metastatic Non-Small Cell Lung Cancer,PubMed - cancer (broad),2025-12-26T00:00:00,https://pubmed.ncbi.nlm.nih.gov/41451788/,No LLM provider configured.,,,False,False
70f5a5fd3f41f0422308421e800b5475a57aabfd97594884bd1ee6bdf3d91ac0,The Impact and Evaluation of Immune Checkpoint Inhibitors on Clinical Survival in Patients with Advanced Osteosarcoma: A Systematic Review and Meta-Analysis,PubMed - cancer (broad),2025-12-26T00:00:00,https://pubmed.ncbi.nlm.nih.gov/41451786/,No LLM provider configured.,,,False,False
b44eb179b23f41273556d6eefb435904a0f796b14e8b2ef3d34cdc913408b908,Combination Hormonal Drug Therapy Inhibits In Vitro Growth of Adult Ovarian Granulosa Tumor Cells,PubMed - cancer (broad),2025-12-26T00:00:00,https://pubmed.ncbi.nlm.nih.gov/41451785/,No LLM provider configured.,,,False,False
a36c210e53fef88571649c0507dd02df7dce658ee01750825abe5c0b9b45faca,Expression of CD38 on resting peripheral iNKT cells defines an immature subpopulation with distinct functionality in humans,PubMed - cancer (broad),2025-12-26T00:00:00,https://pubmed.ncbi.nlm.nih.gov/41451763/,No LLM provider configured.,,,False,False
b66d4c7e8d12a5ee04e9a92dc3c7749229d092d7e2a711356fdf720444753803,Delays in Radiation Therapy for Head and Neck Cancer: The Role of Pre-Radiation Dental Clearance,PubMed - cancer (broad),2025-12-26T00:00:00,https://pubmed.ncbi.nlm.nih.gov/41451693/,No LLM provider configured.,,,False,False
2e91455c7e3856bff0fd53d92a60a43886da292f36eb8d21eac7f99f3d0f726e,Prospective Multi-Institutional Study of A Provider-Free Educational Intervention to Increase Point-of-Care Adult HPV Vaccination Uptake,PubMed - cancer (broad),2025-12-26T00:00:00,https://pubmed.ncbi.nlm.nih.gov/41451690/,No LLM provider configured.,,,False,False
1f16307bc58cbae4721cae8db76ce98dd4ee47b8fb6b9759eda6fa63e3144bb7,Factors Associated With Rare Pediatric Cancer Trial Enrollment: A Report From the Children's Oncology Group Rare Tumors Committee,PubMed - cancer (broad),2025-12-26T00:00:00,https://pubmed.ncbi.nlm.nih.gov/41451685/,No LLM provider configured.,,,False,False
d1d99f6d665daae9f6a13c89eaee99ffdd503e0cda532230728676d8de09d54f,"CYP24A1: The Pivotal Regulator of Vitamin D Homeostasis, Pathophysiology in Metabolic and Genetic Disease, and Emerging Target for Precision Medicine",PubMed - cancer (broad),2025-12-26T00:00:00,https://pubmed.ncbi.nlm.nih.gov/41451661/,No LLM provider configured.,,,False,False
bea2a41a444d6c5c297a5b69dcc3a562d361527d986eab34adbe9bd08ebc2e55,Engineered Bacterial Outer Membrane Vesicles Remodel Tumor Microenvironment for Enhanced Photodynamic Immunotherapy,PubMed - cancer (broad),2025-12-26T00:00:00,https://pubmed.ncbi.nlm.nih.gov/41451625/,No LLM provider configured.,,,False,False
49aa333304ed959650e33eeb4c92748bc68ae64fa7109b3e07d228f0e80f7056,Modification-Driven Nanocarriers: Ovarian Cancer Cell Membrane- Camouflaged Indoximod/Doxorubicin Co-Delivery Systems for Synergistic Immunochemotherapy,PubMed - cancer (broad),2025-12-26T00:00:00,https://pubmed.ncbi.nlm.nih.gov/41451604/,No LLM provider configured.,,,False,False
2d6cfb5d79d0d9ede0ece93c67a7110587bd7312e49dbfd3e16dcac3b044910f,Fine-Tuning Lipid-Coated Porous Silicon Nanoparticles for siRNA Delivery,PubMed - cancer (broad),2025-12-26T00:00:00,https://pubmed.ncbi.nlm.nih.gov/41451593/,No LLM provider configured.,,,False,False
b0db9a29102a3ad2d18b9062d6839f77072bf51fce3e5170f287e5501c532c8e,Benchmarking Protein Nanoparticles for Drug Delivery and Clinical Translation,PubMed - cancer (broad),2025-12-26T00:00:00,https://pubmed.ncbi.nlm.nih.gov/41451580/,No LLM provider configured.,,,False,False
caf1982703b32afe4a314ada39fd68ab7c45fb5ca127ba454d7c40561038909e,Evidence for Drop-Like Nuclear Deformation in Sheared Endothelial Monolayers,PubMed - cancer (broad),2025-12-26T00:00:00,https://pubmed.ncbi.nlm.nih.gov/41451535/,No LLM provider configured.,,,False,False
4daef5fb5b5147935492a08d4edf2958b31f6bb358196ae86b06aee798f697dc,"Subjective Effects and Behavioral Intentions of Cigarettes, E-Cigarettes, and Heated Tobacco Products Among Black and White Adults Who Smoke",PubMed - cancer (broad),2025-12-26T00:00:00,https://pubmed.ncbi.nlm.nih.gov/41451527/,No LLM provider configured.,,,False,False
fc3b5f5e7ca7958d4abde3cb03f8526c6b1b07809133f8538652df70117aa9c0,Nanoparticle-Based Tolerogenic Vaccines: Next-Generation Strategies for Autoimmune and Allergic Disease Therapies,PubMed - cancer (broad),2025-12-26T00:00:00,https://pubmed.ncbi.nlm.nih.gov/41451511/,No LLM provider configured.,,,False,False
394b47c9ca2cd272fb46da20f89691ef83d02f7a2832ae7a2fa778f76e873680,Balancing the Photochemical-Photophysical Route of Biomimetic and Degradable Antitumor Enhancer for Immune Rejuvenation,PubMed - cancer (broad),2025-12-26T00:00:00,https://pubmed.ncbi.nlm.nih.gov/41451466/,No LLM provider configured.,,,False,False
a5556e4805e4a45909e106cd04f03a7d74cf3d5ab27a50d882819409c9b4e660,Three Versus Two-Rows Circular Stapler in Colorectal Anastomosis: Short Term Outcomes,PubMed - cancer (broad),2025-12-26T00:00:00,https://pubmed.ncbi.nlm.nih.gov/41451461/,No LLM provider configured.,,,False,False
d1f529c6bcc7a9e1884b66848aa2619daa29c251bfba530e9419e82ebab371de,Multiplexed Electrochemical Sensing of Single-Nucleotide Polymorphic Microribonucleic Acids in Liver Cancer,PubMed - cancer (broad),2025-12-26T00:00:00,https://pubmed.ncbi.nlm.nih.gov/41451458/,No LLM provider configured.,,,False,False
bc9c40e4dcbd9935a87e39b1cf01d2f5a90738a983618083fdd8e7cd86c420d4,Metabolic Signature of a Healthy Lifestyle and the Risk of MASLD and Other Chronic Liver Diseases: An Observational and Mendelian Randomization Study,PubMed - cancer (broad),2025-12-26T00:00:00,https://pubmed.ncbi.nlm.nih.gov/41451437/,No LLM provider configured.,,,False,False
09cbe0ae6a36b73f66a4d5304eaab194e310af1ae61da10dff2f3b79a54f2143,TNF-induced neuropilin-2 in fibroblast-like synoviocytes exacerbates rheumatoid arthritis,PubMed - cancer (broad),2025-12-26T00:00:00,https://pubmed.ncbi.nlm.nih.gov/41451432/,No LLM provider configured.,,,False,False
29eec90c5385227105991330577b7c5f54679220aa97c4c3b9c4f817d4af60ed,Stereoselective design of amino acid bioconjugates: targeting strategies and physicochemical optimization,PubMed - cancer (broad),2025-12-24T00:00:00,https://pubmed.ncbi.nlm.nih.gov/41451409/,Summary skipped due to cap.,,,False,False
5e25a6fc2fa34a808a559c04d47822ec6610ac463bb87f457330ed587254d43f,Effective transfer of tumor annotations from hematoxylin and eosin to fluorescence images of breast and lung tissues,PubMed - cancer (broad),2026-01-01T00:00:00,https://pubmed.ncbi.nlm.nih.gov/41451238/,No LLM provider configured.,,,False,False
aca91dee57245c4b14e5ff0e4b559261063e998d9de679fa99ac16edd0f0d13c,Changes to Chest Surface Anatomy Following Exchange From Anatomic Textured Implants to Smooth Round Implants in Breast Reconstruction: A Preliminary 3D Imaging Analysis,PubMed - cancer (broad),2025-12-23T00:00:00,https://pubmed.ncbi.nlm.nih.gov/41450780/,Summary skipped due to cap.,,,False,False
ff430efbdb6b1f1c69f10e764d6936a000356496515d5cd212dba65697d62222,Multichiral Half-Sandwich Ru(II) and Os(II) Anticancer Complexes Containing a Glutathione Synthesis Inhibitor,PubMed - cancer (broad),2025-12-22T00:00:00,https://pubmed.ncbi.nlm.nih.gov/41450725/,Summary skipped due to cap.,,,False,False
8657f9016eedace218254e117e6fa271e09f6f90dcc675a04851323956430b33,Discovery of d‑Miniprotein Inhibitors of PD-1/PD-L1 Interaction via Mirror-Image Phage Display against Synthetic d‑PD‑1,PubMed - cancer (broad),2025-12-22T00:00:00,https://pubmed.ncbi.nlm.nih.gov/41450668/,Summary skipped due to cap.,,,False,False
6486ffee5378821137ed05bc981418031269e6da1e466f3f3bc0b75ad2f98f68,Allopurinol Reprograms Uric Acid Self-Assembly by Disrupting Cytotoxic Fibrils and Redirecting Crystal Growth,PubMed - cancer (broad),2025-12-22T00:00:00,https://pubmed.ncbi.nlm.nih.gov/41450665/,Summary skipped due to cap.,,,False,False
2738ccb9af30758b8678fd0c40b9f32092ada980f286cb4a1a257b1941977be6,USSGAN: Unsupervised Spectral and Spatial Attention-Based Generative Adversarial Network for Cholangiocarcinoma Detection,PubMed - cancer (broad),2025-12-22T00:00:00,https://pubmed.ncbi.nlm.nih.gov/41450473/,Summary skipped due to cap.,,,False,False
5a541eef83a9ce3b4ec9b8d4e0a14df91b8a6238503e50573af01c20bbe0f997,Revealing Prostate Calcification Heterogeneity through Their Elemental Distribution,PubMed - cancer (broad),2025-12-22T00:00:00,https://pubmed.ncbi.nlm.nih.gov/41450468/,Summary skipped due to cap.,,,False,False
5d71a7d6809466c4f07c461f6776a72a636bb279da8d7e88422241e30963c2da,Mitochondrial Unfolded Protein Responsive Imaging and Surgical Navigation in Ovarian Cancer,PubMed - cancer (broad),2025-12-22T00:00:00,https://pubmed.ncbi.nlm.nih.gov/41450467/,Summary skipped due to cap.,,,False,False
fd7825c4a025b5a8de767566768564e62a35254f3062e4df8d940b532a38eb5f,Recent Progress in Small Molecule-Based Chemiluminescent Probes for Reactive Oxygen and Nitrogen Species,PubMed - cancer (broad),2025-12-22T00:00:00,https://pubmed.ncbi.nlm.nih.gov/41450465/,Summary skipped due to cap.,,,False,False
4c2a9ece244af618f342c78d99349d69f37a7a476b197e6ebe911cca67e2c3dd,Time-Enduring Proteomic Fidelity in Over 30-Year-Old FFPE Tissues: Distinct Proteomic Signatures of Hepatocellular Carcinoma and Adjacent Non-Tumor Liver Tissue,PubMed - cancer (broad),2025-12-26T00:00:00,https://pubmed.ncbi.nlm.nih.gov/41450324/,No LLM provider configured.,,,False,False
faee02048c1b78a3d594a6dd7acbc242344ff9c39fc7bbe1662913679ff6e78d,Detection of cyclophosphamide residues on community pharmacy counters: An exploratory survey,PubMed - cancer (broad),2025-12-26T00:00:00,https://pubmed.ncbi.nlm.nih.gov/41450322/,No LLM provider configured.,,,False,False
a6bb3e793f9e14c56e0a0027a00db4bb9473fe8515a4e2f0192f6c7d4dc0838c,Survival Impact of Immunotherapy in Advanced Head and Neck Squamous Cell Carcinoma: A National Cancer Database Analysis,PubMed - cancer (broad),2025-12-26T00:00:00,https://pubmed.ncbi.nlm.nih.gov/41450282/,No LLM provider configured.,,,False,False
33a824ac3b79544ca0c8e4019d341fd2a5836532a87fc7630dbafeaa94c6a64a,Clinical efficacy of apalutamide in Asian patients with metastatic castration-sensitive prostate cancer: Bayesian reanalysis of the TITAN trial,PubMed - cancer (broad),2025-12-26T00:00:00,https://pubmed.ncbi.nlm.nih.gov/41450247/,No LLM provider configured.,,,False,False
055fbc5be2638b3f1b664132b20637c43bda281b5989096fc7d448f8f89d4c00,QuantiFERON-CMV Monitoring Post-Allogeneic Hematopoietic Stem Cell Transplantation Is Dynamic and Predictive of Immediate Cytomegalovirus Outcomes,PubMed - cancer (broad),2025-12-26T00:00:00,https://pubmed.ncbi.nlm.nih.gov/41450182/,No LLM provider configured.,,,False,False
0a7ceb5764f8c1d59a6f92db97e0c5f94614dcb6de788b3299b960565cc718cd,Worldwide prevalence of haemorrhoids: a systematic review and meta-analysis,PubMed - cancer (broad),2026-12-01T00:00:00,https://pubmed.ncbi.nlm.nih.gov/41450176/,No LLM provider configured.,,,False,False
0cc0bd6fc4c571fa5add0e346299c24e1972df9559882cd4bad020ca8083e499,An Analysis of the Timeline to Diagnosis and Treatment in Oral Cavity and Oropharynx Cancer,PubMed - cancer (broad),2025-12-26T00:00:00,https://pubmed.ncbi.nlm.nih.gov/41450111/,No LLM provider configured.,,,False,False
5331c07982b3c181b5ad970c0789a03d5142fc0c986433a85719e247adfda3af,The association between waterpipe smoking and head and neck squamous cell carcinoma: A multicenter case-control study in Iran,PubMed - cancer (broad),2025-12-26T00:00:00,https://pubmed.ncbi.nlm.nih.gov/41450099/,No LLM provider configured.,,,False,False
bff958997b618b3da91aa059b4e646f03e9b80d2dfa7fb2cf61a46664e4a9d07,Independent Multicentre Validation of the 'Six-Point' Model for Malignant Transformation Risk in Oral Epithelial Dysplasia,PubMed - cancer (broad),2025-12-26T00:00:00,https://pubmed.ncbi.nlm.nih.gov/41450095/,No LLM provider configured.,,,False,False
5995f1ad606992de4e4fd9e5af15efb50420bfc48ecf8678e87dfe8c055caf58,Dual Immunohistochemistry Enhances Detection of Perineural Invasion in Oral Squamous Cell Carcinoma,PubMed - cancer (broad),2025-12-26T00:00:00,https://pubmed.ncbi.nlm.nih.gov/41450089/,No LLM provider configured.,,,False,False
56db15a1eaf21c17941c2de741db20a8071e8e0cf6d26b7489b3654233970562,Naomaili Granules Attenuate Cerebral Ischemia/Reperfusion Injury by Inhibiting Endoplasmic Reticulum Stress and RhoA/Pyrin Signaling Pathway,PubMed - cancer (broad),2025-12-22T00:00:00,https://pubmed.ncbi.nlm.nih.gov/41450081/,Summary skipped due to cap.,,,False,False
81c2a26c727e58f351688edd5bf91482b8dd02ca9c1bc2f64359a323bd521637,Prognostic significance of lymphatic vessel density in canine cutaneous mast cell tumors,PubMed - cancer (broad),2025-12-26T00:00:00,https://pubmed.ncbi.nlm.nih.gov/41450047/,No LLM provider configured.,,,False,False
ca21cc1de929fbf0c34b432acca2e65d5e6fb289c80734674e93ab9673707864,Clinical Safety of Extended Interval Dosing of Nivolumab in Patients with Melanoma,PubMed - cancer (broad),2025-12-25T00:00:00,https://pubmed.ncbi.nlm.nih.gov/41450044/,No LLM provider configured.,,,False,False
d91da7c2612da08eb92eed5f0f061c320746f0c89b6b656297545b27f433118a,"Neoadjuvant chemotherapy with docetaxel, oxaliplatin, and S-1 versus oxaliplatin and S-1 for locally advanced gastric adenocarcinoma: A multicenter, real-world cohort study",PubMed - cancer (broad),2025-12-25T00:00:00,https://pubmed.ncbi.nlm.nih.gov/41450028/,No LLM provider configured.,,,False,False
f7e1e5525ad262ec41ce558ffa821b4fbf8196a3ef2ba1838ec268d975dbb996,Bone Marrow Failure as an Underrecognized Feature of KAT6A Syndrome,PubMed - cancer (broad),2025-12-25T00:00:00,https://pubmed.ncbi.nlm.nih.gov/41449995/,No LLM provider configured.,,,False,False
c76788857e34f2ed33d40c2c7f1ce82f1876d3a34d5d4e3d139cd12148806958,Clinical Significance of Molecular Genetic Analysis in Diffuse Intrinsic Pontine Glioma: Two Case Reports,PubMed - cancer (broad),2025-12-25T00:00:00,https://pubmed.ncbi.nlm.nih.gov/41449987/,No LLM provider configured.,,,False,False
beb60e7627fe6169f4488d28b5689e341e170c42b2ae2ce0fa3b14bc36a03db7,Autophagy-mediated quality control of MHC class I molecules regulates tumor evasion,PubMed - cancer (broad),2026-01-01T00:00:00,https://pubmed.ncbi.nlm.nih.gov/41449973/,No LLM provider configured.,,,False,False
2a13657bc5bfc56bc52921f3cceca2933cfd034684efd5c28d4da99fd632332e,Postmarketing Cases of Erdafitinib-Associated Skeletal Growth Toxicity Events in Pediatric Patients,PubMed - cancer (broad),2025-12-25T00:00:00,https://pubmed.ncbi.nlm.nih.gov/41449965/,No LLM provider configured.,,,False,False
726d50fe6e1b9bed4499311392ce61c0b592702a090fd73a46cb9daa58d40aa1,Endometrial cancer in a young nulliparous woman: a case report,PubMed - cancer (broad),2025-12-26T00:00:00,https://pubmed.ncbi.nlm.nih.gov/41449961/,No LLM provider configured.,,,False,False
b135bc1249a2f446e24316b9de8ba48888fb9622103fe129d89791b9500d6f2b,Pain Predicts Next-Day Fatigue in Adolescents and Young Adults Receiving Maintenance Treatment for Acute Lymphoblastic Leukemia,PubMed - cancer (broad),2025-12-22T00:00:00,https://pubmed.ncbi.nlm.nih.gov/41449924/,Summary skipped due to cap.,,,False,False
56cc617aa9a8203ce6afd458e649a7caf130ad959ff454f7003188101ab78366,Epidemiological evidence for the role of puberty and immune senescence in Hodgkin lymphoma aetiology from 1992 Danish cases,PubMed - cancer (broad),2025-12-25T00:00:00,https://pubmed.ncbi.nlm.nih.gov/41449915/,No LLM provider configured.,,,False,False
b0b5ac41371d15f7fefb1ce259762c847c119163c64673c0d2d1973f03d51d3c,Association between Japanese diet and the risk of cancer incidence: Data from the Ohsaki Cohort Study,PubMed - cancer (broad),2025-12-26T00:00:00,https://pubmed.ncbi.nlm.nih.gov/41449904/,No LLM provider configured.,,,False,False
86c8441d38463a82a89c5057ac812890f41a93eec74614e7cb9444f143162533,Astragaloside IV Alleviates Colorectal Cancer Metastases by Regulating RALY/PLD2 Axis and Inhibiting Tumoral Exosome Biogenesis,PubMed - cancer (broad),2025-12-25T00:00:00,https://pubmed.ncbi.nlm.nih.gov/41449865/,No LLM provider configured.,,,False,False
ea3be84428398ea2ed951e0cab86d48d7f743e9166aed00026aa0e44198dc808,Efficacy and safety of fruquintinib combined with albumin-bound paclitaxel as second-line therapy for advanced gastric cancer following failure of PD-1 inhibitor-containing treatment (TACTIC GC-01): A phase II single-arm study,PubMed - cancer (broad),2025-12-25T00:00:00,https://pubmed.ncbi.nlm.nih.gov/41449829/,No LLM provider configured.,,,False,False
9e9e5c11d5ea4547a2da8eab9c263af1e7b77ca295a07f57ff7aad811020ebe3,Risk and prognosis of colorectal cancer following bacteremia with Streptococcus bovis-Streptococcus equinus-complex: A Swedish nationwide retrospective cohort study,PubMed - cancer (broad),2025-12-26T00:00:00,https://pubmed.ncbi.nlm.nih.gov/41449806/,No LLM provider configured.,,,False,False
609bf3176ed6ba95e48802a38850e62557fe2d5f03bbd84b14906d337e110759,Rational redesign of antigen binding domain improves in vivo efficacy of the CD22-CAR,PubMed - cancer (broad),2025-12-24T00:00:00,https://pubmed.ncbi.nlm.nih.gov/41449802/,Summary skipped due to cap.,,,False,False
3e306e0ddc968f30cd3cf83750a56781b2990aae291bf664c13918d12bc020cc,"Understanding Exceptional Response: The Role of MINDY1 SNP in CDK4/6 Inhibitor Therapy for ER-Positive, HER2-Negative Advanced Breast Cancer",PubMed - cancer (broad),2025-12-24T00:00:00,https://pubmed.ncbi.nlm.nih.gov/41449800/,Summary skipped due to cap.,,,False,False
1683cb31b0bf2b1c45bb0a92c781fbae7180bc534ae99bc201b4e8067ca9f597,Predictive Factors for Gastrointestinal and Hepatic Adverse Events During 5-Aminolevulinic Acid-Guided Photodynamic Diagnosis in Bladder Cancer: Exploratory Analysis of the Phase III SPP2C102 Trial,PubMed - cancer (broad),2025-12-25T00:00:00,https://pubmed.ncbi.nlm.nih.gov/41449791/,No LLM provider configured.,,,False,False
128b25b14deae2dd756c04986d50b8bd70a86f4a469cf3087d4213554da60e5e,T-cell immunomodulation occurs with different time kinetics during acalabrutinib and zanubrutinib therapy in chronic lymphocytic leukaemia,PubMed - cancer (broad),2025-12-25T00:00:00,https://pubmed.ncbi.nlm.nih.gov/41449785/,No LLM provider configured.,,,False,False
d597be6b3027966272e4b8831ff4b1c2b596e7845bf8d7ae0671ddd5e2acca5c,Characterization of Cell-Surface Interactions of Ligands Using (19)F NMR and DNP Hyperpolarization,PubMed - cancer (broad),2025-12-25T00:00:00,https://pubmed.ncbi.nlm.nih.gov/41449784/,No LLM provider configured.,,,False,False
886bb04ba18848279b9ecec57ef1f49d22ea1f8f5b67c2b0ca8701f6142cd066,Functional Loss of the Tumor Suppressor Gene RASAL1 Through Formation of Aberrant Splice Variant RASAL1-004 as a Novel Oncogenic Mechanism in Thyroid Cancer,PubMed - cancer (broad),2025-12-22T00:00:00,https://pubmed.ncbi.nlm.nih.gov/41449763/,Summary skipped due to cap.,,,False,False
93be6a0d7fde2f482ab4963b4e9814b17f41d3d9d7f4446b222f2bd3ea488f3d,"Editorial Comment to ""Prediction of Postoperative Intravesical Recurrence Using Urine DNA Monitoring in Non-Muscular-Invasive Urothelial Bladder Cancer""",PubMed - cancer (broad),2025-12-25T00:00:00,https://pubmed.ncbi.nlm.nih.gov/41449755/,No LLM provider configured.,,,False,False
50c1cf39ab0a26f4ff0c9a3756ae61df2b8838574ea04773a8e106117289eeeb,End-of-life dreams and visions in a patient with delirium: A Brazilian case report and narrative review,PubMed - cancer (broad),2025-12-26T00:00:00,https://pubmed.ncbi.nlm.nih.gov/41449738/,No LLM provider configured.,,,False,False
5feacc2c7b05c09540da0bbb941e0ce072d371ea70c4d7b48545dc0ac4e1039c,Mortality trends and disparities in Brazil's indigenous peoples: a comprehensive ecological time-series study spanning 2010-2022,PubMed - cancer (broad),2025-12-26T00:00:00,https://pubmed.ncbi.nlm.nih.gov/41449681/,No LLM provider configured.,,,False,False
ebd4d856ea74a60a66b1086da54fe5ae6c3421347af6b7cc1507f3a84ac7033e,Putative Tissue-Based Biomarkers of Male Genital Lichen Sclerosus-A Systematic Literature Review,PubMed - cancer (broad),2025-12-25T00:00:00,https://pubmed.ncbi.nlm.nih.gov/41449678/,No LLM provider configured.,,,False,False
d3ed9ae9cb55f07d040449eba4a9e425bd7a7ca755f9c6e485943ac318a23e05,Organic Radicals for Tumor Therapy,PubMed - cancer (broad),2025-12-25T00:00:00,https://pubmed.ncbi.nlm.nih.gov/41449653/,No LLM provider configured.,,,False,False
439ba368c7702ef000ff00924d386513f2a0a9747bf4429b8e09b55d703fd598,The Role of the RhoA Activating Protein Net1 in Cancer Initiation and Progression,PubMed - cancer (broad),2025-12-25T00:00:00,https://pubmed.ncbi.nlm.nih.gov/41449633/,No LLM provider configured.,,,False,False
0684095b1364713649348b142b866369864308f4535e877f23e6ff63671325f8,Nationwide analysis of olfactory neuroblastoma in Japan: evolving treatment approaches and prognostic outcomes,PubMed - cancer (broad),2025-12-26T00:00:00,https://pubmed.ncbi.nlm.nih.gov/41449573/,No LLM provider configured.,,,False,False
ac0f58fb2fd7fc4933949c36dc40f53fa72617923961b5355f8e7ecc955ae991,Transcranial Magnetic Stimulation (TMS) in Cancer Care: A Scoping Review of Safety and Efficacy,PubMed - cancer (broad),2025-12-26T00:00:00,https://pubmed.ncbi.nlm.nih.gov/41449571/,No LLM provider configured.,,,False,False
41f35a7b1d974165991d71963a9b015d65283e835b7b20eaf7b947fbf06e8d7b,Real-world efficacy of switching androgen receptor signaling inhibitor therapy following apalutamide discontinuation because of adverse events in advanced prostate cancer: a multicenter study,PubMed - cancer (broad),2025-12-26T00:00:00,https://pubmed.ncbi.nlm.nih.gov/41449570/,No LLM provider configured.,,,False,False
13c16cf124ecc9a6ee7a918573b6cd9d4111dea078b3ad620556f5d6a18c0752,Integrating Genomic Data and Imaging in Lung Cancer Prediction Using a Hybrid Deep Learning Approach,PubMed - cancer (broad),2025-12-26T00:00:00,https://pubmed.ncbi.nlm.nih.gov/41449569/,No LLM provider configured.,,,False,False
b90dafe687898f3362cef7b95b62f0510de67c70172139121d90f6a938650a78,Accurate Lung Cancer Prediction From CT Scans Using Advanced Deep Learning Methods,PubMed - cancer (broad),2025-12-26T00:00:00,https://pubmed.ncbi.nlm.nih.gov/41449566/,No LLM provider configured.,,,False,False
aea3abfb7df2ab130af3265bd4956045a50e34451938a4c55b7ee47bc178b7b9,Genetics of Chronic Shoulder Pain/Disability in South African Breast Cancer Survivors: Polygenic Contributions by Opioid and Pain Signaling Pathways,PubMed - cancer (broad),2025-12-22T00:00:00,https://pubmed.ncbi.nlm.nih.gov/41449537/,Summary skipped due to cap.,,,False,False
718fc72817df36a455df404441fb5a3253a08cf79e22c1db812aa4246195790f,Mitophagy in breast cancer: Regulatory mechanisms and therapeutic potential,PubMed - cancer (broad),2025-12-25T00:00:00,https://pubmed.ncbi.nlm.nih.gov/41449473/,No LLM provider configured.,,,False,False
604ae75ae3fa01a76e9d234b9dc0a51a73a0b16d73d80ea72d3e61f617da5ddf,Spatiotemporally controlled delivery of biomacromolecules via injectable hydrogels for precision modulation of the tumor immune microenvironment,PubMed - cancer (broad),2025-12-25T00:00:00,https://pubmed.ncbi.nlm.nih.gov/41449471/,No LLM provider configured.,,,False,False
6a7be9f13c86049785132ec8dda0aacf4734f18ed1f38ca5f87c1016223422ea,Revealing erythropoietin variant EV-3 as novel driving force and immunotherapeutic target in human glioblastoma,PubMed - cancer (broad),2025-12-26T00:00:00,https://pubmed.ncbi.nlm.nih.gov/41449467/,No LLM provider configured.,,,False,False
d1ea93af68b9add34a03ce1554b1af4c3386377a5b5668028fccf2e48277c695,Cost-effectiveness analysis of home-based palliative care for end-stage cancer patients,PubMed - cancer (broad),2025-12-25T00:00:00,https://pubmed.ncbi.nlm.nih.gov/41449462/,No LLM provider configured.,,,False,False
d22b220477f4a2226e7132c888e92cb07c982581e64a285f3444803690955678,Advanced nanotechnology in enhancing immune checkpoint inhibitors (ICIs) for head and neck cancer therapy,PubMed - cancer (broad),2025-12-26T00:00:00,https://pubmed.ncbi.nlm.nih.gov/41449459/,No LLM provider configured.,,,False,False
ddecff46d7e70e7f6e13a0a1c51344f47d19c2f7b639b516bf3ed471d15696bf,Exploratory study linking plasma proteomics to cardiotoxicity in Hodgkin lymphoma,PubMed - cancer (broad),2025-12-26T00:00:00,https://pubmed.ncbi.nlm.nih.gov/41449437/,No LLM provider configured.,,,False,False
dd5fba20dc1896c3027251ed92488d0826d1b5f397e91219f65115ea01f1fd7e,"ERO1A promotes the proliferation, migration and invasion of bladder cancer through ALOX5 mediated activation of JAK-STAT signaling pathway",PubMed - cancer (broad),2025-12-25T00:00:00,https://pubmed.ncbi.nlm.nih.gov/41449433/,No LLM provider configured.,,,False,False
534ef36890ca41ab2fb807186001d74d0ca06b583cc62dc668849f37287d0a8c,Patterns of failure analysis and the role of consolidative thoracic radiotherapy in extensive‑stage small‑cell lung cancer treated with first‑line chemoimmunotherapy,PubMed - cancer (broad),2025-12-25T00:00:00,https://pubmed.ncbi.nlm.nih.gov/41449424/,No LLM provider configured.,,,False,False
890c33089c2f8520590d626ddf846bee903d7103704ed2c27bb94a1d36a0599c,Breast cancer patients' perceptions of safety: insights from the Italian NHS,PubMed - cancer (broad),2025-12-25T00:00:00,https://pubmed.ncbi.nlm.nih.gov/41449422/,No LLM provider configured.,,,False,False
64493b7bd206a4e5d4019fd757b4597de0af23880d1c704ca1dc9072a047bd72,Targeting the MIR4435-2HG/miR-29c-3p/FSP1 axis overcomes lenvatinib resistance by inducing ferroptosis in hepatocellular carcinoma,PubMed - cancer (broad),2025-12-25T00:00:00,https://pubmed.ncbi.nlm.nih.gov/41449421/,No LLM provider configured.,,,False,False
380ee4ffb702a226cd92f62617b63bb3c5e2a8100b49c529153c7f674ad84169,2D nanomaterial-triggered ferroptosis in cancer therapy,PubMed - cancer (broad),2025-12-25T00:00:00,https://pubmed.ncbi.nlm.nih.gov/41449419/,No LLM provider configured.,,,False,False
456939c35e261b6c170dee08eb68a635087b5a3f4fa7c5f7af237acfe31ea108,Childhood exposure to second-hand smoke (SHS) and risk of breast cancer in postmenopausal never smokers: the Multiethnic Cohort (MEC) study,PubMed - cancer (broad),2025-12-25T00:00:00,https://pubmed.ncbi.nlm.nih.gov/41449415/,No LLM provider configured.,,,False,False
59969d686d2207c5499576c069b705cb9f0701e2a0b82224525fd63338f58f3e,CXCL8-dependent recruitment of neutrophils by the tumor microenvironment drives poor prognosis in glioblastoma patients,PubMed - cancer (broad),2025-12-26T00:00:00,https://pubmed.ncbi.nlm.nih.gov/41449405/,No LLM provider configured.,,,False,False
934653a7f37450de3122116bf4fe977ff125da871408aba7943775ad14ae31b2,Embedding social determinants in mHealth for pediatric oncology: co-designing a patient-centred tool for febrile neutropenia in resource-limited settings,PubMed - cancer (broad),2025-12-25T00:00:00,https://pubmed.ncbi.nlm.nih.gov/41449403/,No LLM provider configured.,,,False,False
eb78f25ce8204a1b482e55f668593b5d837bc8f077262d36c0d16b4985591d21,"The effect of exercise intervention on IGF axis and metabolic markers regulation in breast cancer patients: a systematic review with pairwise, network, and dose-response meta-analyses",PubMed - cancer (broad),2025-12-26T00:00:00,https://pubmed.ncbi.nlm.nih.gov/41449401/,No LLM provider configured.,,,False,False
536ec2e1af713abba3e01acc806abb137de9cdf99df584716c6648747fe6b37f,Real-world effectiveness and prognostic factors of platinum rechallenge in advanced urothelial cancer,PubMed - cancer (broad),2025-12-26T00:00:00,https://pubmed.ncbi.nlm.nih.gov/41449397/,No LLM provider configured.,,,False,False
2ccc720dff125d472419190ec7527bff001d1b9dd975367f8fd38c83084a2dd4,A different variant of economic exploitation in oncology practice: medical board applications in Türkiye,PubMed - cancer (broad),2025-12-25T00:00:00,https://pubmed.ncbi.nlm.nih.gov/41449388/,No LLM provider configured.,,,False,False
