id,title,source,source_names,date,url,one_liner,sponsor_names,company_names,has_sponsor_signal,company_affiliation_signal
dbf05e0a4f66bd5b8530821501e3aff2f9fcc77b4c54acc8e00309256ae3188c,Increasing the effective gene drive homing rate by targeting the haploinsufficient spermatogenesis gene KLHL10,bioRxiv (all),bioRxiv (all),2025-12-26T00:00:00,https://www.biorxiv.org/content/10.64898/2025.12.22.695236v1?rss=1,No LLM provider configured.,,,False,False
47786831dcab1b2ab972d69acbe1d449b8c9ffa86f086cfbc604766c9b4c21db,Do stomatal movements have a limited dynamic range?,bioRxiv (all),bioRxiv (all),2025-12-26T00:00:00,https://www.biorxiv.org/content/10.64898/2025.12.22.695892v1?rss=1,No LLM provider configured.,,,False,False
de9e03058825c85ad4e251149d4bb327543e92f3c61a31b21aa03432aaac5de1,Coupled dynamics of predator group formation and prey populations,bioRxiv (all),bioRxiv (all),2025-12-26T00:00:00,https://www.biorxiv.org/content/10.64898/2025.12.26.696504v1?rss=1,No LLM provider configured.,,,False,False
aca91dee57245c4b14e5ff0e4b559261063e998d9de679fa99ac16edd0f0d13c,Changes to Chest Surface Anatomy Following Exchange From Anatomic Textured Implants to Smooth Round Implants in Breast Reconstruction: A Preliminary 3D Imaging Analysis,PubMed - cancer (broad),PubMed - cancer (broad),2025-12-23T00:00:00,https://pubmed.ncbi.nlm.nih.gov/41450780/,No LLM provider configured.,,,False,False
ff430efbdb6b1f1c69f10e764d6936a000356496515d5cd212dba65697d62222,Multichiral Half-Sandwich Ru(II) and Os(II) Anticancer Complexes Containing a Glutathione Synthesis Inhibitor,PubMed - cancer (broad),PubMed - cancer (broad),2025-12-22T00:00:00,https://pubmed.ncbi.nlm.nih.gov/41450725/,No LLM provider configured.,,,False,False
8657f9016eedace218254e117e6fa271e09f6f90dcc675a04851323956430b33,Discovery of d‑Miniprotein Inhibitors of PD-1/PD-L1 Interaction via Mirror-Image Phage Display against Synthetic d‑PD‑1,PubMed - cancer (broad),PubMed - cancer (broad);Biology,2025-12-22T00:00:00,https://pubmed.ncbi.nlm.nih.gov/41450668/,No LLM provider configured.,,,False,False
6486ffee5378821137ed05bc981418031269e6da1e466f3f3bc0b75ad2f98f68,Allopurinol Reprograms Uric Acid Self-Assembly by Disrupting Cytotoxic Fibrils and Redirecting Crystal Growth,PubMed - cancer (broad),PubMed - cancer (broad),2025-12-22T00:00:00,https://pubmed.ncbi.nlm.nih.gov/41450665/,No LLM provider configured.,,,False,False
2738ccb9af30758b8678fd0c40b9f32092ada980f286cb4a1a257b1941977be6,USSGAN: Unsupervised Spectral and Spatial Attention-Based Generative Adversarial Network for Cholangiocarcinoma Detection,PubMed - cancer (broad),PubMed - cancer (broad),2025-12-22T00:00:00,https://pubmed.ncbi.nlm.nih.gov/41450473/,No LLM provider configured.,,,False,False
5a541eef83a9ce3b4ec9b8d4e0a14df91b8a6238503e50573af01c20bbe0f997,Revealing Prostate Calcification Heterogeneity through Their Elemental Distribution,PubMed - cancer (broad),PubMed - cancer (broad),2025-12-22T00:00:00,https://pubmed.ncbi.nlm.nih.gov/41450468/,No LLM provider configured.,,,False,False
5d71a7d6809466c4f07c461f6776a72a636bb279da8d7e88422241e30963c2da,Mitochondrial Unfolded Protein Responsive Imaging and Surgical Navigation in Ovarian Cancer,PubMed - cancer (broad),PubMed - cancer (broad),2025-12-22T00:00:00,https://pubmed.ncbi.nlm.nih.gov/41450467/,No LLM provider configured.,,,False,False
fd7825c4a025b5a8de767566768564e62a35254f3062e4df8d940b532a38eb5f,Recent Progress in Small Molecule-Based Chemiluminescent Probes for Reactive Oxygen and Nitrogen Species,PubMed - cancer (broad),PubMed - cancer (broad),2025-12-22T00:00:00,https://pubmed.ncbi.nlm.nih.gov/41450465/,No LLM provider configured.,,,False,False
4c2a9ece244af618f342c78d99349d69f37a7a476b197e6ebe911cca67e2c3dd,Time-Enduring Proteomic Fidelity in Over 30-Year-Old FFPE Tissues: Distinct Proteomic Signatures of Hepatocellular Carcinoma and Adjacent Non-Tumor Liver Tissue,PubMed - cancer (broad),PubMed - cancer (broad);Biology,2025-12-26T00:00:00,https://pubmed.ncbi.nlm.nih.gov/41450324/,No LLM provider configured.,,,False,False
faee02048c1b78a3d594a6dd7acbc242344ff9c39fc7bbe1662913679ff6e78d,Detection of cyclophosphamide residues on community pharmacy counters: An exploratory survey,PubMed - cancer (broad),PubMed - cancer (broad),2025-12-26T00:00:00,https://pubmed.ncbi.nlm.nih.gov/41450322/,No LLM provider configured.,,,False,False
a6bb3e793f9e14c56e0a0027a00db4bb9473fe8515a4e2f0192f6c7d4dc0838c,Survival Impact of Immunotherapy in Advanced Head and Neck Squamous Cell Carcinoma: A National Cancer Database Analysis,PubMed - cancer (broad),PubMed - cancer (broad),2025-12-26T00:00:00,https://pubmed.ncbi.nlm.nih.gov/41450282/,No LLM provider configured.,,,False,False
33a824ac3b79544ca0c8e4019d341fd2a5836532a87fc7630dbafeaa94c6a64a,Clinical efficacy of apalutamide in Asian patients with metastatic castration-sensitive prostate cancer: Bayesian reanalysis of the TITAN trial,PubMed - cancer (broad),PubMed - cancer (broad),2025-12-26T00:00:00,https://pubmed.ncbi.nlm.nih.gov/41450247/,No LLM provider configured.,,,False,False
055fbc5be2638b3f1b664132b20637c43bda281b5989096fc7d448f8f89d4c00,QuantiFERON-CMV Monitoring Post-Allogeneic Hematopoietic Stem Cell Transplantation Is Dynamic and Predictive of Immediate Cytomegalovirus Outcomes,PubMed - cancer (broad),PubMed - cancer (broad),2025-12-26T00:00:00,https://pubmed.ncbi.nlm.nih.gov/41450182/,No LLM provider configured.,,,False,False
0a7ceb5764f8c1d59a6f92db97e0c5f94614dcb6de788b3299b960565cc718cd,Worldwide prevalence of haemorrhoids: a systematic review and meta-analysis,PubMed - cancer (broad),PubMed - cancer (broad);Biology,2026-12-01T00:00:00,https://pubmed.ncbi.nlm.nih.gov/41450176/,No LLM provider configured.,,,False,False
0cc0bd6fc4c571fa5add0e346299c24e1972df9559882cd4bad020ca8083e499,An Analysis of the Timeline to Diagnosis and Treatment in Oral Cavity and Oropharynx Cancer,PubMed - cancer (broad),PubMed - cancer (broad),2025-12-26T00:00:00,https://pubmed.ncbi.nlm.nih.gov/41450111/,No LLM provider configured.,,,False,False
5331c07982b3c181b5ad970c0789a03d5142fc0c986433a85719e247adfda3af,The association between waterpipe smoking and head and neck squamous cell carcinoma: A multicenter case-control study in Iran,PubMed - cancer (broad),PubMed - cancer (broad);Biology,2025-12-26T00:00:00,https://pubmed.ncbi.nlm.nih.gov/41450099/,No LLM provider configured.,,,False,False
bff958997b618b3da91aa059b4e646f03e9b80d2dfa7fb2cf61a46664e4a9d07,Independent Multicentre Validation of the 'Six-Point' Model for Malignant Transformation Risk in Oral Epithelial Dysplasia,PubMed - cancer (broad),PubMed - cancer (broad),2025-12-26T00:00:00,https://pubmed.ncbi.nlm.nih.gov/41450095/,No LLM provider configured.,,,False,False
5995f1ad606992de4e4fd9e5af15efb50420bfc48ecf8678e87dfe8c055caf58,Dual Immunohistochemistry Enhances Detection of Perineural Invasion in Oral Squamous Cell Carcinoma,PubMed - cancer (broad),PubMed - cancer (broad),2025-12-26T00:00:00,https://pubmed.ncbi.nlm.nih.gov/41450089/,No LLM provider configured.,,,False,False
56db15a1eaf21c17941c2de741db20a8071e8e0cf6d26b7489b3654233970562,Naomaili Granules Attenuate Cerebral Ischemia/Reperfusion Injury by Inhibiting Endoplasmic Reticulum Stress and RhoA/Pyrin Signaling Pathway,PubMed - cancer (broad),PubMed - cancer (broad),2025-12-22T00:00:00,https://pubmed.ncbi.nlm.nih.gov/41450081/,No LLM provider configured.,,,False,False
81c2a26c727e58f351688edd5bf91482b8dd02ca9c1bc2f64359a323bd521637,Prognostic significance of lymphatic vessel density in canine cutaneous mast cell tumors,PubMed - cancer (broad),PubMed - cancer (broad),2025-12-26T00:00:00,https://pubmed.ncbi.nlm.nih.gov/41450047/,No LLM provider configured.,,,False,False
ca21cc1de929fbf0c34b432acca2e65d5e6fb289c80734674e93ab9673707864,Clinical Safety of Extended Interval Dosing of Nivolumab in Patients with Melanoma,PubMed - cancer (broad),PubMed - cancer (broad),2025-12-25T00:00:00,https://pubmed.ncbi.nlm.nih.gov/41450044/,No LLM provider configured.,,,False,False
d91da7c2612da08eb92eed5f0f061c320746f0c89b6b656297545b27f433118a,"Neoadjuvant chemotherapy with docetaxel, oxaliplatin, and S-1 versus oxaliplatin and S-1 for locally advanced gastric adenocarcinoma: A multicenter, real-world cohort study",PubMed - cancer (broad),PubMed - cancer (broad),2025-12-25T00:00:00,https://pubmed.ncbi.nlm.nih.gov/41450028/,No LLM provider configured.,,,False,False
f7e1e5525ad262ec41ce558ffa821b4fbf8196a3ef2ba1838ec268d975dbb996,Bone Marrow Failure as an Underrecognized Feature of KAT6A Syndrome,PubMed - cancer (broad),PubMed - cancer (broad);Biology,2025-12-25T00:00:00,https://pubmed.ncbi.nlm.nih.gov/41449995/,No LLM provider configured.,,,False,False
c76788857e34f2ed33d40c2c7f1ce82f1876d3a34d5d4e3d139cd12148806958,Clinical Significance of Molecular Genetic Analysis in Diffuse Intrinsic Pontine Glioma: Two Case Reports,PubMed - cancer (broad),PubMed - cancer (broad),2025-12-25T00:00:00,https://pubmed.ncbi.nlm.nih.gov/41449987/,No LLM provider configured.,,,False,False
beb60e7627fe6169f4488d28b5689e341e170c42b2ae2ce0fa3b14bc36a03db7,Autophagy-mediated quality control of MHC class I molecules regulates tumor evasion,PubMed - cancer (broad),PubMed - cancer (broad),2026-01-01T00:00:00,https://pubmed.ncbi.nlm.nih.gov/41449973/,No LLM provider configured.,,,False,False
2a13657bc5bfc56bc52921f3cceca2933cfd034684efd5c28d4da99fd632332e,Postmarketing Cases of Erdafitinib-Associated Skeletal Growth Toxicity Events in Pediatric Patients,PubMed - cancer (broad),PubMed - cancer (broad),2025-12-25T00:00:00,https://pubmed.ncbi.nlm.nih.gov/41449965/,No LLM provider configured.,,,False,False
726d50fe6e1b9bed4499311392ce61c0b592702a090fd73a46cb9daa58d40aa1,Endometrial cancer in a young nulliparous woman: a case report,PubMed - cancer (broad),PubMed - cancer (broad),2025-12-26T00:00:00,https://pubmed.ncbi.nlm.nih.gov/41449961/,No LLM provider configured.,,,False,False
b135bc1249a2f446e24316b9de8ba48888fb9622103fe129d89791b9500d6f2b,Pain Predicts Next-Day Fatigue in Adolescents and Young Adults Receiving Maintenance Treatment for Acute Lymphoblastic Leukemia,PubMed - cancer (broad),PubMed - cancer (broad),2025-12-22T00:00:00,https://pubmed.ncbi.nlm.nih.gov/41449924/,No LLM provider configured.,,,False,False
56cc617aa9a8203ce6afd458e649a7caf130ad959ff454f7003188101ab78366,Epidemiological evidence for the role of puberty and immune senescence in Hodgkin lymphoma aetiology from 1992 Danish cases,PubMed - cancer (broad),PubMed - cancer (broad),2025-12-25T00:00:00,https://pubmed.ncbi.nlm.nih.gov/41449915/,No LLM provider configured.,,,False,False
b0b5ac41371d15f7fefb1ce259762c847c119163c64673c0d2d1973f03d51d3c,Association between Japanese diet and the risk of cancer incidence: Data from the Ohsaki Cohort Study,PubMed - cancer (broad),PubMed - cancer (broad),2025-12-26T00:00:00,https://pubmed.ncbi.nlm.nih.gov/41449904/,No LLM provider configured.,,,False,False
86c8441d38463a82a89c5057ac812890f41a93eec74614e7cb9444f143162533,Astragaloside IV Alleviates Colorectal Cancer Metastases by Regulating RALY/PLD2 Axis and Inhibiting Tumoral Exosome Biogenesis,PubMed - cancer (broad),PubMed - cancer (broad),2025-12-25T00:00:00,https://pubmed.ncbi.nlm.nih.gov/41449865/,No LLM provider configured.,,,False,False
ea3be84428398ea2ed951e0cab86d48d7f743e9166aed00026aa0e44198dc808,Efficacy and safety of fruquintinib combined with albumin-bound paclitaxel as second-line therapy for advanced gastric cancer following failure of PD-1 inhibitor-containing treatment (TACTIC GC-01): A phase II single-arm study,PubMed - cancer (broad),PubMed - cancer (broad),2025-12-25T00:00:00,https://pubmed.ncbi.nlm.nih.gov/41449829/,No LLM provider configured.,,,False,False
9e9e5c11d5ea4547a2da8eab9c263af1e7b77ca295a07f57ff7aad811020ebe3,Risk and prognosis of colorectal cancer following bacteremia with Streptococcus bovis-Streptococcus equinus-complex: A Swedish nationwide retrospective cohort study,PubMed - cancer (broad),PubMed - cancer (broad),2025-12-26T00:00:00,https://pubmed.ncbi.nlm.nih.gov/41449806/,No LLM provider configured.,,,False,False
609bf3176ed6ba95e48802a38850e62557fe2d5f03bbd84b14906d337e110759,Rational redesign of antigen binding domain improves in vivo efficacy of the CD22-CAR,PubMed - cancer (broad),PubMed - cancer (broad),2025-12-24T00:00:00,https://pubmed.ncbi.nlm.nih.gov/41449802/,No LLM provider configured.,,,False,False
3e306e0ddc968f30cd3cf83750a56781b2990aae291bf664c13918d12bc020cc,"Understanding Exceptional Response: The Role of MINDY1 SNP in CDK4/6 Inhibitor Therapy for ER-Positive, HER2-Negative Advanced Breast Cancer",PubMed - cancer (broad),PubMed - cancer (broad);Biology,2025-12-24T00:00:00,https://pubmed.ncbi.nlm.nih.gov/41449800/,No LLM provider configured.,,,False,False
1683cb31b0bf2b1c45bb0a92c781fbae7180bc534ae99bc201b4e8067ca9f597,Predictive Factors for Gastrointestinal and Hepatic Adverse Events During 5-Aminolevulinic Acid-Guided Photodynamic Diagnosis in Bladder Cancer: Exploratory Analysis of the Phase III SPP2C102 Trial,PubMed - cancer (broad),PubMed - cancer (broad),2025-12-25T00:00:00,https://pubmed.ncbi.nlm.nih.gov/41449791/,No LLM provider configured.,,,False,False
128b25b14deae2dd756c04986d50b8bd70a86f4a469cf3087d4213554da60e5e,T-cell immunomodulation occurs with different time kinetics during acalabrutinib and zanubrutinib therapy in chronic lymphocytic leukaemia,PubMed - cancer (broad),PubMed - cancer (broad),2025-12-25T00:00:00,https://pubmed.ncbi.nlm.nih.gov/41449785/,No LLM provider configured.,,,False,False
d597be6b3027966272e4b8831ff4b1c2b596e7845bf8d7ae0671ddd5e2acca5c,Characterization of Cell-Surface Interactions of Ligands Using (19)F NMR and DNP Hyperpolarization,PubMed - cancer (broad),PubMed - cancer (broad),2025-12-25T00:00:00,https://pubmed.ncbi.nlm.nih.gov/41449784/,No LLM provider configured.,,,False,False
886bb04ba18848279b9ecec57ef1f49d22ea1f8f5b67c2b0ca8701f6142cd066,Functional Loss of the Tumor Suppressor Gene RASAL1 Through Formation of Aberrant Splice Variant RASAL1-004 as a Novel Oncogenic Mechanism in Thyroid Cancer,PubMed - cancer (broad),PubMed - cancer (broad),2025-12-22T00:00:00,https://pubmed.ncbi.nlm.nih.gov/41449763/,No LLM provider configured.,,,False,False
93be6a0d7fde2f482ab4963b4e9814b17f41d3d9d7f4446b222f2bd3ea488f3d,"Editorial Comment to ""Prediction of Postoperative Intravesical Recurrence Using Urine DNA Monitoring in Non-Muscular-Invasive Urothelial Bladder Cancer""",PubMed - cancer (broad),PubMed - cancer (broad),2025-12-25T00:00:00,https://pubmed.ncbi.nlm.nih.gov/41449755/,No LLM provider configured.,,,False,False
50c1cf39ab0a26f4ff0c9a3756ae61df2b8838574ea04773a8e106117289eeeb,End-of-life dreams and visions in a patient with delirium: A Brazilian case report and narrative review,PubMed - cancer (broad),PubMed - cancer (broad),2025-12-26T00:00:00,https://pubmed.ncbi.nlm.nih.gov/41449738/,No LLM provider configured.,,,False,False
5feacc2c7b05c09540da0bbb941e0ce072d371ea70c4d7b48545dc0ac4e1039c,Mortality trends and disparities in Brazil's indigenous peoples: a comprehensive ecological time-series study spanning 2010-2022,PubMed - cancer (broad),PubMed - cancer (broad),2025-12-26T00:00:00,https://pubmed.ncbi.nlm.nih.gov/41449681/,No LLM provider configured.,,,False,False
ebd4d856ea74a60a66b1086da54fe5ae6c3421347af6b7cc1507f3a84ac7033e,Putative Tissue-Based Biomarkers of Male Genital Lichen Sclerosus-A Systematic Literature Review,PubMed - cancer (broad),PubMed - cancer (broad),2025-12-25T00:00:00,https://pubmed.ncbi.nlm.nih.gov/41449678/,No LLM provider configured.,,,False,False
d3ed9ae9cb55f07d040449eba4a9e425bd7a7ca755f9c6e485943ac318a23e05,Organic Radicals for Tumor Therapy,PubMed - cancer (broad),PubMed - cancer (broad),2025-12-25T00:00:00,https://pubmed.ncbi.nlm.nih.gov/41449653/,No LLM provider configured.,,,False,False
439ba368c7702ef000ff00924d386513f2a0a9747bf4429b8e09b55d703fd598,The Role of the RhoA Activating Protein Net1 in Cancer Initiation and Progression,PubMed - cancer (broad),PubMed - cancer (broad);Biology,2025-12-25T00:00:00,https://pubmed.ncbi.nlm.nih.gov/41449633/,No LLM provider configured.,,,False,False
0684095b1364713649348b142b866369864308f4535e877f23e6ff63671325f8,Nationwide analysis of olfactory neuroblastoma in Japan: evolving treatment approaches and prognostic outcomes,PubMed - cancer (broad),PubMed - cancer (broad),2025-12-26T00:00:00,https://pubmed.ncbi.nlm.nih.gov/41449573/,No LLM provider configured.,,,False,False
ac0f58fb2fd7fc4933949c36dc40f53fa72617923961b5355f8e7ecc955ae991,Transcranial Magnetic Stimulation (TMS) in Cancer Care: A Scoping Review of Safety and Efficacy,PubMed - cancer (broad),PubMed - cancer (broad),2025-12-26T00:00:00,https://pubmed.ncbi.nlm.nih.gov/41449571/,No LLM provider configured.,,,False,False
41f35a7b1d974165991d71963a9b015d65283e835b7b20eaf7b947fbf06e8d7b,Real-world efficacy of switching androgen receptor signaling inhibitor therapy following apalutamide discontinuation because of adverse events in advanced prostate cancer: a multicenter study,PubMed - cancer (broad),PubMed - cancer (broad),2025-12-26T00:00:00,https://pubmed.ncbi.nlm.nih.gov/41449570/,No LLM provider configured.,,,False,False
13c16cf124ecc9a6ee7a918573b6cd9d4111dea078b3ad620556f5d6a18c0752,Integrating Genomic Data and Imaging in Lung Cancer Prediction Using a Hybrid Deep Learning Approach,PubMed - cancer (broad),PubMed - cancer (broad),2025-12-26T00:00:00,https://pubmed.ncbi.nlm.nih.gov/41449569/,No LLM provider configured.,,,False,False
b90dafe687898f3362cef7b95b62f0510de67c70172139121d90f6a938650a78,Accurate Lung Cancer Prediction From CT Scans Using Advanced Deep Learning Methods,PubMed - cancer (broad),PubMed - cancer (broad),2025-12-26T00:00:00,https://pubmed.ncbi.nlm.nih.gov/41449566/,No LLM provider configured.,,,False,False
aea3abfb7df2ab130af3265bd4956045a50e34451938a4c55b7ee47bc178b7b9,Genetics of Chronic Shoulder Pain/Disability in South African Breast Cancer Survivors: Polygenic Contributions by Opioid and Pain Signaling Pathways,PubMed - cancer (broad),PubMed - cancer (broad);Biology,2025-12-22T00:00:00,https://pubmed.ncbi.nlm.nih.gov/41449537/,No LLM provider configured.,,,False,False
718fc72817df36a455df404441fb5a3253a08cf79e22c1db812aa4246195790f,Mitophagy in breast cancer: Regulatory mechanisms and therapeutic potential,PubMed - cancer (broad),PubMed - cancer (broad),2025-12-25T00:00:00,https://pubmed.ncbi.nlm.nih.gov/41449473/,No LLM provider configured.,,,False,False
604ae75ae3fa01a76e9d234b9dc0a51a73a0b16d73d80ea72d3e61f617da5ddf,Spatiotemporally controlled delivery of biomacromolecules via injectable hydrogels for precision modulation of the tumor immune microenvironment,PubMed - cancer (broad),PubMed - cancer (broad),2025-12-25T00:00:00,https://pubmed.ncbi.nlm.nih.gov/41449471/,No LLM provider configured.,,,False,False
6a7be9f13c86049785132ec8dda0aacf4734f18ed1f38ca5f87c1016223422ea,Revealing erythropoietin variant EV-3 as novel driving force and immunotherapeutic target in human glioblastoma,PubMed - cancer (broad),PubMed - cancer (broad),2025-12-26T00:00:00,https://pubmed.ncbi.nlm.nih.gov/41449467/,No LLM provider configured.,,,False,False
d1ea93af68b9add34a03ce1554b1af4c3386377a5b5668028fccf2e48277c695,Cost-effectiveness analysis of home-based palliative care for end-stage cancer patients,PubMed - cancer (broad),PubMed - cancer (broad),2025-12-25T00:00:00,https://pubmed.ncbi.nlm.nih.gov/41449462/,No LLM provider configured.,,,False,False
d22b220477f4a2226e7132c888e92cb07c982581e64a285f3444803690955678,Advanced nanotechnology in enhancing immune checkpoint inhibitors (ICIs) for head and neck cancer therapy,PubMed - cancer (broad),PubMed - cancer (broad);Biology,2025-12-26T00:00:00,https://pubmed.ncbi.nlm.nih.gov/41449459/,No LLM provider configured.,,,False,False
ddecff46d7e70e7f6e13a0a1c51344f47d19c2f7b639b516bf3ed471d15696bf,Exploratory study linking plasma proteomics to cardiotoxicity in Hodgkin lymphoma,PubMed - cancer (broad),PubMed - cancer (broad);Biology,2025-12-26T00:00:00,https://pubmed.ncbi.nlm.nih.gov/41449437/,No LLM provider configured.,,,False,False
dd5fba20dc1896c3027251ed92488d0826d1b5f397e91219f65115ea01f1fd7e,"ERO1A promotes the proliferation, migration and invasion of bladder cancer through ALOX5 mediated activation of JAK-STAT signaling pathway",PubMed - cancer (broad),PubMed - cancer (broad),2025-12-25T00:00:00,https://pubmed.ncbi.nlm.nih.gov/41449433/,No LLM provider configured.,,,False,False
534ef36890ca41ab2fb807186001d74d0ca06b583cc62dc668849f37287d0a8c,Patterns of failure analysis and the role of consolidative thoracic radiotherapy in extensive‑stage small‑cell lung cancer treated with first‑line chemoimmunotherapy,PubMed - cancer (broad),PubMed - cancer (broad),2025-12-25T00:00:00,https://pubmed.ncbi.nlm.nih.gov/41449424/,No LLM provider configured.,,,False,False
890c33089c2f8520590d626ddf846bee903d7103704ed2c27bb94a1d36a0599c,Breast cancer patients' perceptions of safety: insights from the Italian NHS,PubMed - cancer (broad),PubMed - cancer (broad);BMC Cancer,2025-12-25T00:00:00,https://pubmed.ncbi.nlm.nih.gov/41449422/,No LLM provider configured.,,,False,False
64493b7bd206a4e5d4019fd757b4597de0af23880d1c704ca1dc9072a047bd72,Targeting the MIR4435-2HG/miR-29c-3p/FSP1 axis overcomes lenvatinib resistance by inducing ferroptosis in hepatocellular carcinoma,PubMed - cancer (broad),PubMed - cancer (broad),2025-12-25T00:00:00,https://pubmed.ncbi.nlm.nih.gov/41449421/,No LLM provider configured.,,,False,False
380ee4ffb702a226cd92f62617b63bb3c5e2a8100b49c529153c7f674ad84169,2D nanomaterial-triggered ferroptosis in cancer therapy,PubMed - cancer (broad),PubMed - cancer (broad),2025-12-25T00:00:00,https://pubmed.ncbi.nlm.nih.gov/41449419/,No LLM provider configured.,,,False,False
456939c35e261b6c170dee08eb68a635087b5a3f4fa7c5f7af237acfe31ea108,Childhood exposure to second-hand smoke (SHS) and risk of breast cancer in postmenopausal never smokers: the Multiethnic Cohort (MEC) study,PubMed - cancer (broad),PubMed - cancer (broad),2025-12-25T00:00:00,https://pubmed.ncbi.nlm.nih.gov/41449415/,No LLM provider configured.,,,False,False
59969d686d2207c5499576c069b705cb9f0701e2a0b82224525fd63338f58f3e,CXCL8-dependent recruitment of neutrophils by the tumor microenvironment drives poor prognosis in glioblastoma patients,PubMed - cancer (broad),PubMed - cancer (broad);BMC Cancer,2025-12-26T00:00:00,https://pubmed.ncbi.nlm.nih.gov/41449405/,No LLM provider configured.,,,False,False
934653a7f37450de3122116bf4fe977ff125da871408aba7943775ad14ae31b2,Embedding social determinants in mHealth for pediatric oncology: co-designing a patient-centred tool for febrile neutropenia in resource-limited settings,PubMed - cancer (broad),PubMed - cancer (broad),2025-12-25T00:00:00,https://pubmed.ncbi.nlm.nih.gov/41449403/,No LLM provider configured.,,,False,False
eb78f25ce8204a1b482e55f668593b5d837bc8f077262d36c0d16b4985591d21,"The effect of exercise intervention on IGF axis and metabolic markers regulation in breast cancer patients: a systematic review with pairwise, network, and dose-response meta-analyses",PubMed - cancer (broad),PubMed - cancer (broad);BMC Cancer,2025-12-26T00:00:00,https://pubmed.ncbi.nlm.nih.gov/41449401/,No LLM provider configured.,,,False,False
536ec2e1af713abba3e01acc806abb137de9cdf99df584716c6648747fe6b37f,Real-world effectiveness and prognostic factors of platinum rechallenge in advanced urothelial cancer,PubMed - cancer (broad),PubMed - cancer (broad);BMC Cancer,2025-12-26T00:00:00,https://pubmed.ncbi.nlm.nih.gov/41449397/,No LLM provider configured.,,,False,False
2ccc720dff125d472419190ec7527bff001d1b9dd975367f8fd38c83084a2dd4,A different variant of economic exploitation in oncology practice: medical board applications in Türkiye,PubMed - cancer (broad),PubMed - cancer (broad);BMC Cancer,2025-12-25T00:00:00,https://pubmed.ncbi.nlm.nih.gov/41449388/,No LLM provider configured.,,,False,False
6847eb90b69c0f180147440cb61de85a9111bf580a4ea8c7c2af2869f6c5490c,"Global, regional, and national progress towards the 2030 global nutrition targets and forecasts to 2050: a systematic analysis for the Global Burden of Disease Study 2021",PLoS One,PLoS One;BMC Cancer;British Medical Journal,2025-12-21T00:00:00,https://pubmed.ncbi.nlm.nih.gov/39667386/,Summary skipped due to cap.,,,False,False
348c07475567476d1a9a9d07d2cb6a3d70918b99be047c14ffdc6b71b9863ad7,Highly Pathogenic Avian Influenza Virus A/H5N1 Subclade 2.3.4.4b Isolated from a European Grey Seal (Halichoerus grypus) Is Highly Virulent in Ferrets,European Respiratory Journal,European Respiratory Journal,2025-12-20T00:00:00,https://pubmed.ncbi.nlm.nih.gov/40578830/,Summary skipped due to cap.,,,False,False
8ccb89966535af9421b2f9807f3a2472d8b03889fdb8994e35efbf995f9331c7,The role of gut microbiota in neuropathic pain: insights into immune mechanisms,Gut,Gut,2025-12-23T00:00:00,https://pubmed.ncbi.nlm.nih.gov/41437305/,No LLM provider configured.,,,False,False
8350ce250d317ba96bbf0aba8a33579b021c02cf2d379ba940f5b605d5f0c5cb,Taurocholic Acid Is Associated With Disturbed Functional Connectivity in the Hippocampus of Patients With Depression,Gut,Gut,2025-12-23T00:00:00,https://pubmed.ncbi.nlm.nih.gov/41437183/,No LLM provider configured.,,,False,False
15c17b06a6330a03c679e263153d6bbe69fe24525d3304f5d6304798aab6045b,Deacetylasperulosidic Acid Methyl Ester Ameliorates Carbon Tetrachloride-Induced Liver Fibrosis by Suppressing Inflammation and Modulating Gut Microbiota,Gut,Gut,2025-12-23T00:00:00,https://pubmed.ncbi.nlm.nih.gov/41437173/,No LLM provider configured.,,,False,False
fb7451b1950552cdcd0fba4c27abaef53454be77577c537ab93d39c19323ec47,Leptin receptor gene influences pig gut microbiota both through feed intake and independently,Gut,Gut,2025-12-23T00:00:00,https://pubmed.ncbi.nlm.nih.gov/41437140/,No LLM provider configured.,,,False,False
2a8446b17d190f479752dd9f4455bad8baa6fc2db1e3b58860c5d4b89ed96d5d,"Association between the novel dietary index for gut microbiota, biomarkers of hashimoto's thyroiditis and metabolic parameters among women of reproductive age",Gut,Gut,2025-12-23T00:00:00,https://pubmed.ncbi.nlm.nih.gov/41437012/,No LLM provider configured.,,,False,False
b6cedb111eb87891d34c543b5694f69efaccb7794f078946921488e0471b5066,A study on the utility of inflammatory biomarkers in primary care irritable bowel syndrome: a sub analysis of the DOMINO randomized trial,Gut,Gut,2025-12-23T00:00:00,https://pubmed.ncbi.nlm.nih.gov/41436948/,No LLM provider configured.,,,False,False
42946d1adb375cedf8c3b1174e47bcac7bd229f4e02f0a33fe0968ab1a79343f,BT-11 targets the LANCL2 pathway to attenuate cognitive deficits and hippocampal pathology in Alzheimer's transgenic rats,Gut,Gut,2025-12-23T00:00:00,https://pubmed.ncbi.nlm.nih.gov/41436813/,No LLM provider configured.,,,False,False
597230037c2130184ac35a85e64321ddd7dc338ee6212a9a7f9ac043b82af919,"Awareness, attitude and practice of Indian population regarding probiotic foods in everyday life",Gut,Gut,2025-12-23T00:00:00,https://pubmed.ncbi.nlm.nih.gov/41436767/,No LLM provider configured.,,,False,False
441cfebf9376d55040e6ba8f3596ef258602edcef340e56b15337f445cd16b9c,"Microbiotoxicity: an under-recognised player in drug efficacy, toxicity, and health outcomes",Gut,Gut,2025-12-23T00:00:00,https://pubmed.ncbi.nlm.nih.gov/41436619/,No LLM provider configured.,,,False,False
ec13326ed5b9e7230eacfca9c32b2a9fcdbc751778b7d0880e1e987a17fc1e6b,Consistent decline of acetylcholine in microbiota-gut-brain axis mediates antibiotic-induced anxiety via regulating hippocampus microglial activation,Gut,Gut,2025-12-23T00:00:00,https://pubmed.ncbi.nlm.nih.gov/41436582/,No LLM provider configured.,,,False,False
0b4b56eecd8d4d70eef0eed3932b554ddb818811700672a8cac63f9db1e3aff4,A brain-to-small intestine circuit mediates morphine-induced constipation in male mice,Gut,Gut,2025-12-23T00:00:00,https://pubmed.ncbi.nlm.nih.gov/41436468/,No LLM provider configured.,,,False,False
b687fd8c1bebd3d8be1a1ee1f87e4b67fd96859f421a966943d9767e3aa0544d,"Meta-analysis of 22,710 human microbiome metagenomes defines an oral-to-gut microbial enrichment score and associations with host health and disease",Gut,Gut,2025-12-23T00:00:00,https://pubmed.ncbi.nlm.nih.gov/41436448/,No LLM provider configured.,,,False,False
076defbe7c9e5540107c58e5ab722a5a175390289501f77595d880b3b826424f,Current Management Strategies for Hypervirulent Klebsiella,Gut,Gut,2025-12-22T00:00:00,https://pubmed.ncbi.nlm.nih.gov/41436293/,No LLM provider configured.,,,False,False
3a6ac5ac3246b2e2135b84a98ce4fc137c8bb48c7a5051cb9b21889a7378beb1,A vagus-dependent gut microbiota-metabolite axis drives chronic inflammatory pain and working-memory deficits in mice,Gut,Gut,2025-12-21T00:00:00,https://pubmed.ncbi.nlm.nih.gov/41436018/,Summary skipped due to cap.,,,False,False
96cff2fc86d6e1b0ded83f7c129531e48c604805e79d29418f076d47d99744b6,Digoxin-Induced Gut Dysbiosis: Mechanistic Links to Prostaglandin Dysregulation and Lipid Metabolic Imbalance,Gut,Gut,2025-12-21T00:00:00,https://pubmed.ncbi.nlm.nih.gov/41435933/,Summary skipped due to cap.,,,False,False
06d85869962b4da6070bcf96bb32d16eba5a88309107c52ab020d641c6be5160,Astragalus membranaceus improves blood glucose and renal function in diabetic kidney disease mice via gut microbial metabolite axis,Gut,Gut,2025-12-21T00:00:00,https://pubmed.ncbi.nlm.nih.gov/41435895/,Summary skipped due to cap.,,,False,False
16eefe153bf524b1536f03014c7d87ea4a0e9309d05b440b5b43a6e30d4382b4,The gut-liver axis modulates intestinal immune homeostasis,Gut,Gut,2025-12-21T00:00:00,https://pubmed.ncbi.nlm.nih.gov/41435890/,Summary skipped due to cap.,,,False,False
56afcdb4851200aad7ebb859962d5656404802ebcd0930751d994fdd072546f7,"In mouse and in vitro models, bowel preparation promotes pathogen colonization, translocation, and exacerbation of inflammation",Gut,Gut,2025-12-22T00:00:00,https://pubmed.ncbi.nlm.nih.gov/41435832/,No LLM provider configured.,,,False,False
989556f10f182c9e74b138ac7405287530f5063056b9eeb922c5aaa2dddc7fe3,Tonsillectomy and the Risk of Inflammatory Bowel Disease: A Retrospective Cohort Study Using Real-World US Data,Gut,Gut,2025-12-23T00:00:00,https://pubmed.ncbi.nlm.nih.gov/41435761/,No LLM provider configured.,,,False,False
0e2946d2269f4b850ed29e73f7347d88ea526d82d6794a01930d84a70f5a2740,Indole-3-propionic acid exerts radio-protective effects by modulating Wnt1/STAT3 pathway to alleviate oxidative stress and neuroinflammation in microglia,Gut,Gut,2025-12-22T00:00:00,https://pubmed.ncbi.nlm.nih.gov/41435624/,No LLM provider configured.,,,False,False
801997dbc57c64e1fefd26586eabc003ab44f565bbd4d75940b9c9ab531e1ead,Adult neurogenesis dysfunction in Parkinson's disease: Molecular pathology and functional implications,Gut,Gut,2025-12-20T00:00:00,https://pubmed.ncbi.nlm.nih.gov/41435448/,Summary skipped due to cap.,,,False,False
4adbb2e6810e22d1332844c2e42743edc24d2f46446dfbf14ecdbabe2c65e7d9,Metabolic reprogramming and gut microbiota ecology drive divergent Plasmodium vivax infection outcomes in Anopheles darlingi,Gut,Gut,2025-12-23T00:00:00,https://pubmed.ncbi.nlm.nih.gov/41433330/,No LLM provider configured.,,,False,False
a352942a304edf731f9c5fbe2b51416d93e4b14d811ad2b3a58c9570538bb97f,Dietary inflammatory index and phenotypic age mediate the association between the dietary index for gut microbiota and kidney stone disease among U.S. overweight/obese adults,Gut,Gut,2025-12-23T00:00:00,https://pubmed.ncbi.nlm.nih.gov/41432952/,No LLM provider configured.,,,False,False
b8cadb7b73eef4e1ec052b25ca6761189390795461b9eb57c676c7def83cd9cd,Central Control of Gastrointestinal Functions in Health and Disease,Gut,Gut,2025-12-23T00:00:00,https://pubmed.ncbi.nlm.nih.gov/41432726/,No LLM provider configured.,,,False,False
8f207bd0d1ead2186bd564590f3adbcb82445edd928b441526a4422644e8cc1c,Microbial metabolites associated with healthy lifestyles in relation to metabolic syndrome and vascular health: a cross-sectional study,Gut,Gut,2025-12-23T00:00:00,https://pubmed.ncbi.nlm.nih.gov/41432724/,No LLM provider configured.,,,False,False
59235e45b2226e6bf2032df14fab96f940289cbd990716684ca9fe42d774fee6,Hydroxysafflor Yellow A Promotes Lac-Phe Synthesis to Suppress GIP and Ameliorate Obesity in DIO Mice,Gut,Gut,2025-12-23T00:00:00,https://pubmed.ncbi.nlm.nih.gov/41432714/,No LLM provider configured.,,,False,False
5e19e3ac85e0515beee8eac2214199be7ae612fe3f02845ca195ed95e4ed3581,The Gut Microbiome at the Onset of Inflammatory Bowel Disease: A Systematic Review and Unified Bioinformatic Synthesis,Gut,Gut,2025-12-23T00:00:00,https://pubmed.ncbi.nlm.nih.gov/41432650/,No LLM provider configured.,,,False,False
ceb60c76a60215cd1c43192cf1e8cc48609ae935c6c45158a8f48bee5c84f82a,Emergence of coexisting bla(NDM) and mcr-1 genes in Escherichia coli isolates from the guts of healthy individuals,Gut,Gut,2025-12-23T00:00:00,https://pubmed.ncbi.nlm.nih.gov/41432552/,No LLM provider configured.,,,False,False
b8420212951e8c6da6545b8de0430eb7a2d07943b0e9b41d1bd4bf723796c3af,"Epimedium-Derived Exosome-like Nanovesicles Regulate Lipid Metabolism via the ""Gut-Kidney Axis"" for Multitargeted Inhibition of Sepsis-Associated Acute Kidney Injury",Gut,Gut,2025-12-23T00:00:00,https://pubmed.ncbi.nlm.nih.gov/41432450/,No LLM provider configured.,,,False,False
13e62c95c4b2b868d040c34043c0b410b5ba41e32c6912e5684c5fc3c329d333,Metagenomic analysis of fecal microbiomes reveals genetic potential for diverse hydrogen management strategies in marsupials,Gut,Gut,2025-12-23T00:00:00,https://pubmed.ncbi.nlm.nih.gov/41432437/,No LLM provider configured.,,,False,False
dddc37be01ca74cb4b22fc9e7b6fd0f36b9225965f9e2fe8177830d1abf13b22,Enterococcus faecalis modulates phase variation in Clostridioides difficile,Gut,Gut,2025-12-23T00:00:00,https://pubmed.ncbi.nlm.nih.gov/41432418/,No LLM provider configured.,,,False,False
40750b73d4afc810f668a8fc036b239efe2466adc30920aa8313110b13f62f5f,A recombinant lysogenic bacteriophage inhibits Salmonella virulence,Gut,Gut,2025-12-23T00:00:00,https://pubmed.ncbi.nlm.nih.gov/41432409/,No LLM provider configured.,,,False,False
4b2e1dccb0d5dfbe726a00583b7adde2d49a95846bbe87bb807aec3e8d6a0fb2,"Comprehensive Risk Profile of Gastrointestinal and Extra Articular Comorbidities in Ehlers-Danlos Syndrome: A Propensity-Matched Analysis of 118,256 Individuals",Gut,Gut,2025-12-23T00:00:00,https://pubmed.ncbi.nlm.nih.gov/41432355/,No LLM provider configured.,,,False,False
4980d8a18f52ad43d9033a2c2d496c77a3ab0902bbeb54693ca024a59efba0db,A Dual CRISPR-Cas/Cre-loxP Genome Engineering Strategy for Stable Uricase Expression in Food-Grade Probiotics,Gut,Gut,2025-12-23T00:00:00,https://pubmed.ncbi.nlm.nih.gov/41432353/,No LLM provider configured.,,,False,False
06b39ceff1c5965314f936fc7b8c4620138e27240c1ad0cbea56d897c6ff7fa5,The Heart-Brain-Metabolism Axis in Cardiovascular and Neurologic Disease,Gut,Gut,2025-12-23T00:00:00,https://pubmed.ncbi.nlm.nih.gov/41432331/,No LLM provider configured.,,,False,False
210d6f29559d9668694bb0e90c53db205409a3e6dc1717e0d45390810d216d8f,"Maternal intestinal and placental mitochondrial dysfunction, autophagy, and ferroptosis involving intestinal microbiota by gut microbiota transplantation from sheep to mice",Gut,Gut,2025-12-23T00:00:00,https://pubmed.ncbi.nlm.nih.gov/41432256/,No LLM provider configured.,,,False,False
bcfa84b49458d674b3cdaa65a469fc33d27ef9eefa121992b6361de9805dff2a,The Mannose Phosphotransferase System in Enterococcus lactis Is Essential for Gastrointestinal Colonization,Gut,Gut,2025-12-23T00:00:00,https://pubmed.ncbi.nlm.nih.gov/41432198/,No LLM provider configured.,,,False,False
9a0a1780dfaeb09a2e6d789dedc17a3554da6a0d85c283a15b2da9b542671803,Evaluating casein ingredients in infant formula using pigs as a model for sensitive newborn infants,Gut,Gut,2025-12-23T00:00:00,https://pubmed.ncbi.nlm.nih.gov/41432184/,No LLM provider configured.,,,False,False
78be74f231ec82508d082b647b41181099b245a05d044f9d447c1477661f7da9,"Comprehensive profiling of antibiotic resistance, virulence genes, and mobile genetic elements in the gut microbiome of Tibetan antelopes",Gut,Gut,2025-12-23T00:00:00,https://pubmed.ncbi.nlm.nih.gov/41432144/,No LLM provider configured.,,,False,False
88a4d3316f2faa559c5195bb0f2eadb3d6a1b2d97daa0fd5c85c335519668718,Age-dependent osteoprotective effects of hydroxytyrosol acetate: enhanced bone integrity via gut-bone axis activation,Gut,Gut,2025-12-23T00:00:00,https://pubmed.ncbi.nlm.nih.gov/41432105/,No LLM provider configured.,,,False,False
f1644623547869c33869267fa6878365e2a5f41dd9d9758039be99b0d0b40247,Integrated multi-omic and symptom clustering reveals lower-gastrointestinal disorders of gut-brain interaction heterogeneity,Gut,Gut,2026-12-31T00:00:00,https://pubmed.ncbi.nlm.nih.gov/41431864/,No LLM provider configured.,,,False,False
4eefc33a5e438a4148089c9ee30f452d0d674f742acb76818a5f04c1054cd984,Dietary lysophospholipid alleviates diarrhea and improves intestinal health in weaned piglets challenged with enterotoxigenic Escherichia coli K88,Gut,Gut,2025-12-23T00:00:00,https://pubmed.ncbi.nlm.nih.gov/41431396/,No LLM provider configured.,,,False,False
b16cd8921603a4dac3b88da626093d5fe57fd502c19751c9230256ed33ccd216,Validating gut flushing as a non-lethal sampling technique for diet monitoring in agastric fish,Gut,Gut,2025-12-22T00:00:00,https://pubmed.ncbi.nlm.nih.gov/41431391/,No LLM provider configured.,,,False,False
f0d7ff690496a706d2f0705207d548f6db40654e75a22784f4ed41e61affd4f2,Microbes and medicines: interrelationships between pharmaceuticals and the gut microbiome,Gut,Gut,2026-12-31T00:00:00,https://pubmed.ncbi.nlm.nih.gov/41431379/,No LLM provider configured.,,,False,False
484e8a1578300f1af6115424854cb30cfa5ba0d83461ceff826721518fc6a0e1,Food-derived extracellular vesicles: an emerging intervention strategy for inflammatory bowel disease,Gut,Gut,2025-12-22T00:00:00,https://pubmed.ncbi.nlm.nih.gov/41431254/,Summary skipped due to cap.,,,False,False
c45ecf831f5facb203cf8c86a9921246f089f5cbd35551e8d2ddc53ce6359713,Effect of κ-carrageenan with different molecular weights and its acetylated derivatives on the structure and metabolites of the intestinal flora,Gut,Gut,2025-12-23T00:00:00,https://pubmed.ncbi.nlm.nih.gov/41431205/,No LLM provider configured.,,,False,False
ea065249dc54148ec1448c211c52b8e69e302ecbc8d07af00e99a4e4c836979e,"Cannabis use, microbial diversity and Dialister abundance in older adults with HIV: A cross-sectional study",Gut,Gut,2025-12-22T00:00:00,https://pubmed.ncbi.nlm.nih.gov/41431145/,Summary skipped due to cap.,,,False,False
a1c498c0919a7124df57e91f76a8c84c529565425cab50e820e3fafd261ddf17,Microbiome-Metabolomics Insights into the Brain-Gut Homeostasis of d-gal Induced Aging Mice To Reveal the Antiaging Effects of Lactoferrin and Its Digesta,Gut,Gut,2025-12-22T00:00:00,https://pubmed.ncbi.nlm.nih.gov/41431112/,Summary skipped due to cap.,,,False,False
870b5a152200451d6a7e1ece7410d11364e5b6acc065840cd7adc97fcc006e07,Cholecystokinin inhibits myotube fusion and may contributes to sarcopenia: Evidence from clinical and C2C12 myoblast studies,Gut,Gut,2025-12-23T00:00:00,https://pubmed.ncbi.nlm.nih.gov/41430742/,No LLM provider configured.,,,False,False
b42790cc9510c9ebabd8eeee48087c8aaf7bb435d938fc69c4a6c7ab17e4cbc4,"Darbepoetin plus slow-release IntraVenous Iron to decrease transfusions and improve iron status and neurodevelopment in preterm infants (DIVI): study protocol for a randomized, blinded phase II trial",Gut,Gut,2025-12-22T00:00:00,https://pubmed.ncbi.nlm.nih.gov/41430711/,Summary skipped due to cap.,,,False,False
4a63e0c6bf57a061dd196201556044047f43a379e3facbae01d9f18bb36b3f98,Network and machine learning integration reveals gut microbiome biomarkers in pediatric IBD,Gut,Gut,2025-12-22T00:00:00,https://pubmed.ncbi.nlm.nih.gov/41430556/,Summary skipped due to cap.,,,False,False
99e461d35b1455564d82e90796d9d111ecde0439fba0ffd44fa4d00545b57643,Mediating role of aging and obesity in the relationship between dietary index for gut microbiota and metabolic syndrome and its potential regulatory mechanisms,Gut,Gut,2025-12-23T00:00:00,https://pubmed.ncbi.nlm.nih.gov/41430312/,No LLM provider configured.,,,False,False
aac16504811441359b374417024af84937d01e32b4a59b1437046c728fd05d92,Prospective association between the gut microbiota and incident pneumonia: a cohort study of 6419 individuals,Gut,Gut,2025-12-22T00:00:00,https://pubmed.ncbi.nlm.nih.gov/41430301/,Summary skipped due to cap.,,,False,False
1dd02761e640fc944d0a332f6c10b3d6ad7692db774e81759a2f4ac498eff374,Inverse associations between Mediterranean diet constituents and the gut microbiota in metabolic-associated steatotic liver disease (MASLD): a case-control study,Gut,Gut,2025-12-23T00:00:00,https://pubmed.ncbi.nlm.nih.gov/41430289/,No LLM provider configured.,,,False,False
5032f39c14c2bd5c14e9ec8fa21c1702aae1d5af1cb2a8fd705ca1e5fb08a9ca,Vagus nerve stimulation alleviates S. aureus-induced mastitis by regulating gut microbiota S24-7-PPARγ and NF-ΚB/NLRP3 signaling in mice,Gut,Gut,2025-12-23T00:00:00,https://pubmed.ncbi.nlm.nih.gov/41430282/,No LLM provider configured.,,,False,False
10a8d0ebcd24f3a70d5ae4215a1e1a8c8c4dc569830b17f9b67919eb035a06fb,Helicobacter pylori infection and α-synuclein pathology drive parallel neurodegenerative pathways in the substantia nigra,Gut,Gut,2025-12-22T00:00:00,https://pubmed.ncbi.nlm.nih.gov/41430261/,Summary skipped due to cap.,,,False,False
6120f672eb41992e25428a719692bf32e3a3e9bd966075758b842094633a8683,High alcohol-producing Escherichia coli causes obesity and steatotic liver disease in a non-alcoholic cohort -a preclinical study,Gut,Gut,2025-12-22T00:00:00,https://pubmed.ncbi.nlm.nih.gov/41430121/,Summary skipped due to cap.,,,False,False
f1b4dfe0ba3846e4d6633ad81a2d544920697be2c8b5f2ee1ab494882a075532,Rifaximin improves anxiety- and depression-like behaviors in rats by regulating NPY in the colon and mPFC,Gut,Gut,2025-12-22T00:00:00,https://pubmed.ncbi.nlm.nih.gov/41430083/,Summary skipped due to cap.,,,False,False
11cd5bba1856fafcf53d2188c401105daab6e2a9f685e8834b30bb05a98d315c,"Correspondence to the editorial ""Berberine and the gut microbiota - A novel treatment strategy for cholestatic liver disease""",Gut,Gut,2025-12-23T00:00:00,https://pubmed.ncbi.nlm.nih.gov/41430054/,No LLM provider configured.,,,False,False
b7e0a4d8fde2490c7239ee46eeb09ad66d9efdde7270ba2887a0a3bd36c4e164,"Response to the Editorial on ""Bacteroides eggerthii: a New Human Gut Probiotic Against Metabolic Dysfunction-Associated Steatotic Liver Disease""",Gut,Gut,2025-12-23T00:00:00,https://pubmed.ncbi.nlm.nih.gov/41430052/,No LLM provider configured.,,,False,False
2aae66ac82330c589c5771aaa60942e77792e094312bccb915b7c83f15046b75,Efficacy of oral and rectal administration of human faecal microbiota transplant (FMT) in human microbiota-associated mouse models,Gut,Gut,2025-12-22T00:00:00,https://pubmed.ncbi.nlm.nih.gov/41429881/,Summary skipped due to cap.,,,False,False
db917bcd2bf8235fc4046439065a08c4c87fd9bfe3c16ac4fc97b0ccc55e2e93,Gut microbiota analysis in children with autism spectrum disorder and their family members,Gut,Gut,2025-12-22T00:00:00,https://pubmed.ncbi.nlm.nih.gov/41429819/,Summary skipped due to cap.,,,False,False
0dce71267b3e20a2baa3d9d8d4c9fd0a6bbf9119ef1c2398bfebcf30dff215c7,Precision-Architected Drug-Stabilized Cu(5) Clusters Mediate Multimodal Therapeutic Intervention in Colitis,Gut,Gut,2025-12-22T00:00:00,https://pubmed.ncbi.nlm.nih.gov/41429761/,Summary skipped due to cap.,,,False,False
20c3f99fad65b90cd4f53a6ac966d8280e7462235c2f389ddb2b1564215139d1,[Causal relationship between gut microbiota and T cell subsets in the development of colorectal cancer: a Mendelian randomization analysis],Gut,Gut,2025-12-20T00:00:00,https://pubmed.ncbi.nlm.nih.gov/41429629/,Summary skipped due to cap.,,,False,False
86fce504a4e051558f9b16f5ee891ee9daa8384a3dbc81d9d748d5dc50bad4c7,Taurine-functionalized carbohydrate polymers as emerging multifunctional biotherapeutics for human and veterinary medicine: A comprehensive review,Gut,Gut,2025-12-20T00:00:00,https://pubmed.ncbi.nlm.nih.gov/41429397/,Summary skipped due to cap.,,,False,False
47db938c3db993d41029de369692a95b1e08a5a8cf554643fed48480c65ee1d2,Potential biomarkers for human Ascending aortic aneurysm identified through metagenomic and metabolomic analyses: A case-control study,Gut,Gut,2025-12-20T00:00:00,https://pubmed.ncbi.nlm.nih.gov/41429339/,Summary skipped due to cap.,,,False,False
c77cc2c908fddb14b162fa95b96b885424674779e244100769d8d1cc75df0177,Functional microbial consortia augmented black soldier fly larvae achieve high efficiency ammonia mitigation during chicken manure bioconversion,Gut,Gut,2025-12-20T00:00:00,https://pubmed.ncbi.nlm.nih.gov/41429281/,Summary skipped due to cap.,,,False,False
63282aedf61784aa8a3080ca21450e98d5c6b202be27eef2ffbaf1b882c95ced,Anti-PD-L1 improves barrier function and reduces CD103(+) DC cell accumulation by regulating gut and lung microbiota and its metabolites to alleviate asthma in juvenile mice,Gut,Gut,2025-12-20T00:00:00,https://pubmed.ncbi.nlm.nih.gov/41429263/,Summary skipped due to cap.,,,False,False
93218846b64535d68824c46477308d5e1acf8a36ed218af973b6f6eeee87b56a,Is light-to-moderate alcohol drinking associated with the onset of metabolic dysfunction-associated steatotic liver disease in a Chinese cohort?,Gut,Gut,2025-12-20T00:00:00,https://pubmed.ncbi.nlm.nih.gov/41429225/,Summary skipped due to cap.,,,False,False
e7582afdd14cb225f644f6ce6ad297e7562d85530d965fa5a7a1954d5927e7d5,From gut to glee: Is butyrate a promising antidepressant? A systematic review and mechanistic insights,Gut,Gut,2025-12-20T00:00:00,https://pubmed.ncbi.nlm.nih.gov/41429215/,Summary skipped due to cap.,,,False,False
48cb512eb839100404196659bea96a20e0a4d913bc5bd35cb5eeabed838e876f,The infant gut microbiome and the intergenerational transmission of psychiatric risk,Gut,Gut;British Medical Journal,2025-12-20T00:00:00,https://pubmed.ncbi.nlm.nih.gov/41429213/,Summary skipped due to cap.,,,False,False
ac7684abf4d23fed0b9bf21f279b8e3b33be39c4b28a4da9faaebf20b40edce7,Electroconvulsive therapy modulates brain plasticity in male depression: Links to gut microbial metabolites and diet-derived regulation of Wnt/BDNF signaling,Gut,Gut,2025-12-20T00:00:00,https://pubmed.ncbi.nlm.nih.gov/41429195/,Summary skipped due to cap.,,,False,False
c2aa6a4433ed1eed855b32d14858c53f076ae32d17eb304bc16ea4b46c4e147e,Unlocking potentials of a prenylated flavonoid: Xanthohumol's role in combating inflammatory conditions and Rhematic diseases,Gut,Gut,2025-12-21T00:00:00,https://pubmed.ncbi.nlm.nih.gov/41429078/,Summary skipped due to cap.,,,False,False
86920ba37f988e34c0aab4c5183cc469335bfde912fb36185d11a843d04aa599,Neural regulation of gut inflammation via autonomic nerves: therapeutic implications for inflammatory bowel disease,Gut,Gut,2025-12-22T00:00:00,https://pubmed.ncbi.nlm.nih.gov/41428961/,Summary skipped due to cap.,,,False,False
979ba6fb31fd7d1927acd755d76370a82fd4e2ebc5919fee6ea40154a0cc0413,Genetic Code Expansion in Probiotics Enables the Secretion of Covalent Protein Drugs in Mice,Gut,Gut,2025-12-22T00:00:00,https://pubmed.ncbi.nlm.nih.gov/41428953/,Summary skipped due to cap.,,,False,False
355b73102b78397c69aba23c3ce8babb50d2fd9e84a91de836458e14d928bdcb,Antibiotic-induced microbiota depletion impairs the proregenerative response to a biological scaffold,Gut,Gut,2025-12-30T00:00:00,https://pubmed.ncbi.nlm.nih.gov/41428865/,No LLM provider configured.,,,False,False
c19f64af47cd6938d099874f67ed92f5437f984f97cdb528d785d94bafa9d8dd,Rapid and Selective Gut Microbiome Modulation by Polyherbal Formulation in Type 2 Diabetes,Gut,Gut,2025-12-22T00:00:00,https://pubmed.ncbi.nlm.nih.gov/41428801/,Summary skipped due to cap.,,,False,False
3a16593acfcc01e0630e128f0807181c2ddaae039068db941b2ac8d456c8a94d,Trichinella spiralis excretory-secretory proteins induced autophagy via activating AMPK/mTOR pathway and protected gut epithelial barrier,Gut,Gut,2025-12-22T00:00:00,https://pubmed.ncbi.nlm.nih.gov/41428690/,Summary skipped due to cap.,,,False,False
59a982abeef30afb423dffb2314819a8df3969c074ce254b7f846f2035a3de52,The Risk of Gastric Cancer in Asian Patients with Gastric Intestinal Metaplasia,Gut,Gut,2025-12-22T00:00:00,https://pubmed.ncbi.nlm.nih.gov/41428613/,Summary skipped due to cap.,,,False,False
1c7c5bd628523cfd66f131eef8db63085b1c9e461e626b092f1e2f217108c423,Perennial ryegrass improves bone quality in geese: insights from the gut-bone axis,Gut,Gut,2025-12-22T00:00:00,https://pubmed.ncbi.nlm.nih.gov/41428301/,Summary skipped due to cap.,,,False,False
22a2bf7e3349ad2acd8eb3ee3490d54640902baa53b0c987f229710bdecaabb7,Potential Mechanisms and Hypotheses for Pathogenic Microorganisms Triggering Kawasaki Disease,Gut,Gut,2025-12-22T00:00:00,https://pubmed.ncbi.nlm.nih.gov/41428281/,Summary skipped due to cap.,,,False,False
995b3c28d8b928bf40cc1a0b56ef329c264508b749cbbb6d01df3c501d566ecd,Impact of dietary composition on behavioural expression and gut microbiome dynamics in zebrafish,Gut,Gut,2025-12-22T00:00:00,https://pubmed.ncbi.nlm.nih.gov/41428256/,Summary skipped due to cap.,,,False,False
8c23fcbfe24c2d523b1db37fc4d8e76282ca19918b726cf01405ecb9b0a75d29,Research Advances on the Impact of Gut Microbiota on COPD: Exploring New Perspectives on the Microbiota-Gut-Lung Axis,Gut,Gut,2025-12-22T00:00:00,https://pubmed.ncbi.nlm.nih.gov/41428219/,Summary skipped due to cap.,,,False,False
c98c4b97dbce57241443998e36117c33cb5109df4e601f8b8fe3db3835b6855c,Anti-biofilm potential of Matricaria chamomilla against tetra species representative gut commensals,Gut,Gut,2025-12-22T00:00:00,https://pubmed.ncbi.nlm.nih.gov/41428150/,Summary skipped due to cap.,,,False,False
0c5fcf836b384a93ceef0d43823e47348391cc01b70f80f625e3d2bb7435e071,Gut Microbiota Modulation by Pomegranate Extract: Insights from a Controlled Supplementation Study,Gut,Gut,2025-12-22T00:00:00,https://pubmed.ncbi.nlm.nih.gov/41427997/,Summary skipped due to cap.,,,False,False
983111c750307e15fe3489150b99645459f08e12848ebfa0873bcb0cea7c87d2,Comprehensive Phylogenomic Analyses Support the Reclassification of Multiple Bacteroides Species,Gut,Gut,2025-12-22T00:00:00,https://pubmed.ncbi.nlm.nih.gov/41427967/,Summary skipped due to cap.,,,False,False
d568187c7609caa1426182ac3db8f568feb2f4bace2a082e9d38ef18abf2867e,Impact of gut microbiota on host stem cells across the gastrointestinal tract,Gut,Gut,2026-12-31T00:00:00,https://pubmed.ncbi.nlm.nih.gov/41427927/,No LLM provider configured.,,,False,False
1948d3eb6aad853856f7fab6f581c254670b5a63703afeddf1bfa11a5c95711a,"Randomized, placebo-controlled trial reveals the impact of dose and timing of Bifidobacterium infantis probiotic supplementation on breastfed infants' gut microbiome",Gut,Gut,2025-12-22T00:00:00,https://pubmed.ncbi.nlm.nih.gov/41427732/,Summary skipped due to cap.,,,False,False
3c9814f23070f4ec36d3432fccc08cfd9f1100adaf5fc2c7cc9840f200b00488,Progressive and concordant alterations in transcriptional and gut microbiota across aortic valve calcification severity,Gut,Gut,2025-12-22T00:00:00,https://pubmed.ncbi.nlm.nih.gov/41427705/,Summary skipped due to cap.,,,False,False
15cbd7a78d803060ab30f45b3f6e4dc8351bb2e84ed97cbb2f5b032c4b579de9,Miniature bioreactor arrays for modeling functional and structural dysbiosis in inflammatory bowel disease,Gut,Gut,2026-12-31T00:00:00,https://pubmed.ncbi.nlm.nih.gov/41427586/,No LLM provider configured.,,,False,False
2ad90431b4ee215057eb31890c967a19f4bd526eae0beb0c3cfb641d2290571b,Akkermansia muciniphila outer membrane protein Amuc_0904 modulates intestinal homeostasis by promoting goblet cell differentiation,Gut,Gut,2026-12-31T00:00:00,https://pubmed.ncbi.nlm.nih.gov/41424360/,No LLM provider configured.,,,False,False
2c061250a3fdd45dcdd9da882853c6a399441b809cb2f02ce1d6ade0da2a413b,The dysregulation of innate immunity by Porphyromonas gingivalis in the etiology of Alzheimer's disease,Gut,Gut,2025-12-22T00:00:00,https://pubmed.ncbi.nlm.nih.gov/41424314/,Summary skipped due to cap.,,,False,False
1f9fb468c2ba60ad1e80ca8e5a4afbc585f475c37689194e93005483e813ab34,"The trilateral nexus of autoimmune thyroiditis: integrating immunological triggers, endocrine disruption, and gut microbiome alterations for treatment strategies",Gut,Gut,2026-12-31T00:00:00,https://pubmed.ncbi.nlm.nih.gov/41424302/,No LLM provider configured.,,,False,False
1f926fdd27326fbe1071f6cdd8d85163b0fb2f681e53d9ad25e997412063a0bd,"Probiotics, prebiotics, and synbiotics to counteract sarcopenia: Where are we now and what challenges need to be faced?",Gut,Gut,2025-12-22T00:00:00,https://pubmed.ncbi.nlm.nih.gov/41424069/,Summary skipped due to cap.,,,False,False
d6c322870d217d935c643897a4bb9f659bdb3a9225b7dfbbf7e34911b65ea726,COLLAGEN SUPPLEMENTATION IN METABOLIC SYNDROME: A NARRATIVE REVIEW UNRAVELING THE BIOLOGICAL MECHANISMS AND EFFECTS,Gut,Gut,2025-12-22T00:00:00,https://pubmed.ncbi.nlm.nih.gov/41424065/,Summary skipped due to cap.,,,False,False
162e462511c162f0bb2cb274e5a55f3b3155d8f858e96dc9da995540887a6116,Impact of Pulmonary Tumor Burden in Favorable Histology Wilms Tumor Outcomes: A Report From the Children's Oncology Group Study AREN0533,British Medical Journal,British Medical Journal,2025-12-20T00:00:00,https://pubmed.ncbi.nlm.nih.gov/41223336/,Summary skipped due to cap.,,,False,False
356e42d5e1d655bf02d0747c15eb665e2d7cd86a712a08527e3df38ee4432ed6,Risk stratification in acute myocardial infarction: from triage decision to outcome prediction,British Medical Journal,British Medical Journal,2025-12-22T00:00:00,https://pubmed.ncbi.nlm.nih.gov/41206139/,Summary skipped due to cap.,,,False,False
5fca5101b65ea554cb15f44110f90c47079dd279945dbb484fcf7836f142e664,Chemical Tools to Characterize the Coordination Chemistry of Radionuclides for Radiopharmaceutical Applications,British Medical Journal,British Medical Journal,2025-12-24T00:00:00,https://pubmed.ncbi.nlm.nih.gov/41147499/,No LLM provider configured.,,,False,False
ab23e412d7c732d027e0480aa87d2a78b55da4c94114211a8971b612a753a27d,"Revascularization in Ischemic Left Ventricular Dysfunction: A Pathophysiology-Guided, Evidence-Based Approach",British Medical Journal,British Medical Journal,2025-12-22T00:00:00,https://pubmed.ncbi.nlm.nih.gov/41146481/,Summary skipped due to cap.,,,False,False
90207616852105b490d5dec68d3180015da432a93a5a6eba325fdd20582c747b,Community partnered peer support after traumatic brain injury: a feasibility case study,British Medical Journal,British Medical Journal,2025-12-23T00:00:00,https://pubmed.ncbi.nlm.nih.gov/41134107/,No LLM provider configured.,,,False,False
95e2990e251c674b56460ef115544fe29f73cb587e0f177d0a1599b410ef347c,Applying principles of vaccine development to oncomicrobial vaccines,British Medical Journal,British Medical Journal,2025-12-23T00:00:00,https://pubmed.ncbi.nlm.nih.gov/41031833/,No LLM provider configured.,,,False,False
d768585abfa90130dd2fd499d276333afdc08c30254799b894de80d78bad9566,Best of cardiovascular biomarkers,British Medical Journal,British Medical Journal,2025-12-22T00:00:00,https://pubmed.ncbi.nlm.nih.gov/40972533/,Summary skipped due to cap.,,,False,False
9e986d5ca240739f36d7ee395da96008e36f0449c93c84f41dccd86b4b57af7a,Development and validation of a gene expression signature to predict early events in patients with follicular lymphoma,British Medical Journal,British Medical Journal,2025-12-23T00:00:00,https://pubmed.ncbi.nlm.nih.gov/40966421/,No LLM provider configured.,,,False,False
ff912115fc86e513bd8b222363b8819f1e729451efe9d6a4460d1a9e7fda187c,Designing Religiously Informed and Culturally Acceptable Tobacco Cessation Interventions for UK-Based Muslims,British Medical Journal,British Medical Journal,2025-12-23T00:00:00,https://pubmed.ncbi.nlm.nih.gov/40874663/,No LLM provider configured.,,,False,False
1755056c0b958b978f3ecf1688678bcb7c7422fe63bfeb89708a66ff72d6d5f8,Improvements in health-related quality of life in patients with transfusion-dependent β-thalassemia after exagamglogene autotemcel,British Medical Journal,British Medical Journal,2025-12-23T00:00:00,https://pubmed.ncbi.nlm.nih.gov/40862696/,No LLM provider configured.,,,False,False
0ed1d53720550c7e49f49312e2609bfd7be4d8abc6a36f9b284c4f4e140334b8,"Fewer skin tumours diagnosed in England during the 2020 COVID-19 pandemic: greatest reductions in melanoma in situ, stage I melanomas and basal cell carcinomas",British Medical Journal,British Medical Journal,2025-12-23T00:00:00,https://pubmed.ncbi.nlm.nih.gov/40820350/,No LLM provider configured.,,,False,False
4ba3ccfa3d3fbbf83fcb0106aa3d8849a257575517cdfe239a852b911b9bcfcc,Titin-related familial dilated cardiomyopathy: factors associated with disease onset,British Medical Journal,British Medical Journal,2025-12-22T00:00:00,https://pubmed.ncbi.nlm.nih.gov/40796136/,Summary skipped due to cap.,,,False,False
eac04d5baa539d2e75aa0d6d62b9dd79cd3d210239d079c5101b1d13331753dd,Education in cardiovascular genomics and genetics: time for action,British Medical Journal,British Medical Journal,2025-12-22T00:00:00,https://pubmed.ncbi.nlm.nih.gov/40709713/,Summary skipped due to cap.,,,False,False
b1804ac092158e1dccb52c2e659f12db2e1813f7173c0c718d927641d6b3069f,Cardiovascular and non-cardiovascular mortality at 5 years in patients with type 1 and type 2 myocardial infarction,British Medical Journal,British Medical Journal,2025-12-22T00:00:00,https://pubmed.ncbi.nlm.nih.gov/40621708/,Summary skipped due to cap.,,,False,False
adc577db4cabf42996a6da365607557953594e12a24fee5c18310c6066a09b80,Genotype-phenotype correlations and clinical outcomes of genetic TRPC6 podocytopathies,British Medical Journal,British Medical Journal,2025-12-23T00:00:00,https://pubmed.ncbi.nlm.nih.gov/40388293/,No LLM provider configured.,,,False,False
af6afc0c6490486a851fd205b628e883b4253b947e15c9382d8255bc35207da2,Rationale and Study Design to Assess the Efficacy and Safety of Minocycline in Patients with Moderate to Severe Acute Ischaemic Stroke (EMPHASIS),British Medical Journal,British Medical Journal,2025-12-23T00:00:00,https://pubmed.ncbi.nlm.nih.gov/40147820/,No LLM provider configured.,,,False,False
de4a0bedc8f9d97aaed1c9c79f54437616523b8892f0b135c0c275162e364891,Impact of department chair gender on paid parental leave across American anaesthesiology residencies,British Medical Journal,British Medical Journal,2025-12-22T00:00:00,https://pubmed.ncbi.nlm.nih.gov/39532390/,Summary skipped due to cap.,,,False,False
78e54e2d0f7edab314f328c4122f6b5e86f9047b7cc01bd9a78bc2acf6617155,Parental death: a systematic review of support experiences and needs of children and parent survivors,British Medical Journal,British Medical Journal,2025-12-23T00:00:00,https://pubmed.ncbi.nlm.nih.gov/36384696/,No LLM provider configured.,,,False,False
f57b3c5190773f349942e1a5b81594d5c035d1cab2db40540f3784617dfef77f,Novel vascular damage markers in SLE: insights from carotid colour Doppler ultrasound and aortic oscillometry in the LUPCARD cohort,Biology,Biology,2025-12-25T00:00:00,https://pubmed.ncbi.nlm.nih.gov/41448777/,No LLM provider configured.,,,False,False
83fd02943a821d1d004a422fccfbe79454a74f5b576d8aa92432dfdf199333e0,[Application of an interpretable neural network framework based on the LASSO-proj algorithm for warfarin dose prediction],Biology,Biology,2025-12-25T00:00:00,https://pubmed.ncbi.nlm.nih.gov/41448766/,No LLM provider configured.,,,False,False
8c96c5505cd5cc68d80fb3bb8d93eb4d025d1e92e7ba798b99f6ed140c798ad5,Exploring Paramedics' Perspectives on Paediatric Head Injury in Prehospital Care: Qualitative Study,Biology,Biology,2025-12-24T00:00:00,https://pubmed.ncbi.nlm.nih.gov/41448743/,No LLM provider configured.,,,False,False
c4f45880876731335676673978848637aeae296ac5460efd742d72377070dd39,Evaluating AI-based comprehensive clinical decision support for sepsis and ARDS: protocol for a Clinician Turing Test,Biology,Biology,2025-12-24T00:00:00,https://pubmed.ncbi.nlm.nih.gov/41448698/,No LLM provider configured.,,,False,False
513460a926ff676d69abc1ae100805ea86731fdc6cda1366887cdc8925d29ad1,Fibroblast-Neuron interactions Driving persistent Pain in Rheumatoid Arthritis (FiND-Pain RA) - an observational study protocol,Biology,Biology,2025-12-25T00:00:00,https://pubmed.ncbi.nlm.nih.gov/41448688/,No LLM provider configured.,,,False,False
627c0b2ee2e0634bea94f91ac3dd823204ee3910562058baf98fdd2d82e604f9,Photoredox-Catalyzed Defluorinative [4 + 2] Cycloaddition of α-Fluoro-β-keto Esters and Alkynes by Single Photosensitizer,Biology,Biology,2025-12-25T00:00:00,https://pubmed.ncbi.nlm.nih.gov/41448644/,No LLM provider configured.,,,False,False
bd08a05badae0d5873355475b2a14307e160bf865c0e3b44dd1701aedcad70c5,Triterpene Saponins from the Bran of Chenopodium quinoa Willd. and Their α-Glucosidase Inhibition Activity,Biology,Biology,2025-12-25T00:00:00,https://pubmed.ncbi.nlm.nih.gov/41448569/,No LLM provider configured.,,,False,False
490a98aab72c1e9d25f3280ebe1ce44c0056d502dd97e106b52be0f47b5fed5a,Astrocytes in glioblastoma tumor microenvironment,Biology,Biology,2025-12-23T00:00:00,https://pubmed.ncbi.nlm.nih.gov/41448554/,No LLM provider configured.,,,False,False
269259d2bdfb19438b77baed89d8a65e3b2d9f2d27e066108283040c98c0852f,ELAVL1 interacts with APP and promotes Aβ-induced apoptosis in Alzheimer's disease by activating Bcl-2/Bax signaling,Biology,Biology,2025-12-23T00:00:00,https://pubmed.ncbi.nlm.nih.gov/41448519/,No LLM provider configured.,,,False,False
297bd799b46710fe37825b9a4b6fc00b6084d6fcf9bf5ff9ef8698254f46407b,Reading Acquisition Drives Linguistic Cross-Modal Convergence in The Left Ventral Occipitotemporal Cortex,Biology,Biology,2025-12-23T00:00:00,https://pubmed.ncbi.nlm.nih.gov/41448512/,No LLM provider configured.,,,False,False
a9966fc8d8c8f4e0a6b4f7e5506d9d07dd544a3b50999d234721bf3ee759a33c,An elite haplotype of the glutamine synthetase gene TaGS1.1-6A is associated with increased nitrogen use- and yield-related traits in wheat,Biology,Biology,2025-12-23T00:00:00,https://pubmed.ncbi.nlm.nih.gov/41448492/,No LLM provider configured.,,,False,False
cf0ab916a12445662b30eac202c45cf1857ce1fbfc72c9c3e1110e0f75cd4d51,Augmenting the cytotoxicity and apoptosis induction of green synthesized copper oxide nanoparticles from Artemisia sieberi by combining with tamoxifen: Mechanism involving Bax/Bcl-2 modulation,Biology,Biology,2025-12-23T00:00:00,https://pubmed.ncbi.nlm.nih.gov/41448490/,No LLM provider configured.,,,False,False
93c33758f70a555141398cb6bbc2b5ad50924ebcd98f23f7de74cc8e1e372200,Cutaneous integration of a new wireless transcutaneous energy transfer system for durable long-term Ventricular Assist Device systems in an experimental pig model,Biology,Biology,2025-12-23T00:00:00,https://pubmed.ncbi.nlm.nih.gov/41448476/,No LLM provider configured.,,,False,False
a2712e408aa10a29950b53304fa1299342f5e42157ca91ef030cd3f7ca3a0240,New insights into the synergistic effect of Mg(2+) and sulfonated lignin on the enzymatic hydrolysis of lignocellulose,Biology,Biology,2025-12-23T00:00:00,https://pubmed.ncbi.nlm.nih.gov/41448470/,No LLM provider configured.,,,False,False
1d7f9f6c6a572cebc38543067cdb88e83a9b61478ebf3087f282dd27cd4d03de,Inhibition of acetogenesis and methanogenesis by inoculating successively ammonia nitrogen-inhibited anaerobic fermentation residues for rapid-efficient propionate accumulation,Biology,Biology,2025-12-23T00:00:00,https://pubmed.ncbi.nlm.nih.gov/41448469/,No LLM provider configured.,,,False,False
f63a7f17d9f4b8de3466cad505a6cf86e7773d9af85ab23d87e9225a96665388,Efficient saponin glycosidases of Aspergillus tubingensis HG57 enable green diosgenin production using Dioscorea zingiberensis tubers,Biology,Biology,2025-12-23T00:00:00,https://pubmed.ncbi.nlm.nih.gov/41448468/,No LLM provider configured.,,,False,False
f1dc701ac76f2858d77538ab548f0aa32b86c897e4e5a626e61b821292cdc5ba,Therapeutic reprogramming of circulating myeloid cells via signal regulatory protein α extracellular vesicles in acute kidney injury,Biology,Biology,2025-12-23T00:00:00,https://pubmed.ncbi.nlm.nih.gov/41448459/,No LLM provider configured.,,,False,False
1e5996db37cda746a486fcd1ad649bdfb4af7f9f30d531b54e786f876dec91b1,Inhalable perfluorocarbon RNA nanocapsules overcome biological barriers to treat lung metastases,Biology,Biology,2025-12-23T00:00:00,https://pubmed.ncbi.nlm.nih.gov/41448440/,No LLM provider configured.,,,False,False
28d936833d303254bb90a673e0a438a9d358baaf54c5d2ce976315678f25e218,Lyophilized Chloroplasts as Molecular Capsules: A Scalable Platform for Stable and Functional Human α-Lactalbumin Production,Biology,Biology,2025-12-23T00:00:00,https://pubmed.ncbi.nlm.nih.gov/41448438/,No LLM provider configured.,,,False,False
612441b817d42da0e1f5a75aad84e31cbfd63608021f05ecd3bf6fb1e8e92aa4,Targeted delivery of rhodopsin's assembled core is required for outer segment extension in mouse rod photoreceptors,Biology,Biology,2025-12-23T00:00:00,https://pubmed.ncbi.nlm.nih.gov/41448437/,No LLM provider configured.,,,False,False
4541edb44419112fdb9d41fcfcf984494f0525caae2f199eda1b22bc183ab7bc,Cantu Syndrome-Associated SUR2[H60Y] Mutation Confers Selective Gain-of-Function on Kir6.1 ATP-Sensitive Potassium Channels,Biology,Biology,2025-12-23T00:00:00,https://pubmed.ncbi.nlm.nih.gov/41448431/,No LLM provider configured.,,,False,False
d94a376ae0055f463b85be5a3e03b4ee47409c2d835c49e1885ae2d4a57bf50d,A red-shifted LHCII in Chlamydomonas priscui allows for efficient light harvesting under an Antarctic lake,Biology,Biology,2025-12-23T00:00:00,https://pubmed.ncbi.nlm.nih.gov/41448408/,No LLM provider configured.,,,False,False
a74e4d59852d23c838baf84899b005a6a65ea4bc3ff4f4510ecded3cb14c6c6f,Antioxidant active ingredients from the seeds of Dimocarpus longan Lour,Biology,Biology,2025-12-23T00:00:00,https://pubmed.ncbi.nlm.nih.gov/41448407/,No LLM provider configured.,,,False,False
1355d987c871fec29678376b3250d0864d4a5eec037207fa1db9a8c8ce487a06,Sympathetic nerve dysfunction exacerbates skin inflammation in atopic dermatitis,Biology,Biology,2025-12-23T00:00:00,https://pubmed.ncbi.nlm.nih.gov/41448402/,No LLM provider configured.,,,False,False
84219b233d8fe019011542e97eb825e76584edefa757622225bca74214f7cb4d,"The Multi-Target Mechanisms of β-Sitosterol in Alzheimer's Disease: Integrative Evidence from Network Pharmacology, Molecular Docking, and Mendelian Randomization",Biology,Biology,2025-12-23T00:00:00,https://pubmed.ncbi.nlm.nih.gov/41448363/,No LLM provider configured.,,,False,False
99e7efa3bbdc396d2645555250431bb87d3e234e6da17d908cf18102c11d55c0,"Short RFamide, CFamide and FCamide peptides as novel positive modulators of ASIC 3 with similar potentiating effects but different reversibility",Biology,Biology,2025-12-23T00:00:00,https://pubmed.ncbi.nlm.nih.gov/41448358/,No LLM provider configured.,,,False,False
bc69af24b52029517a275177a569758e852aaa6b8c6f3d1a5ad00bb6dd78cca0,Microfilaruria of Morphologically Identified Dirofilaria repens and Brugia spp. in one cat and two dogs: case series,Biology,Biology,2025-12-23T00:00:00,https://pubmed.ncbi.nlm.nih.gov/41448351/,No LLM provider configured.,,,False,False
2014837cc0f9341cb62efe651d1a3c0e3d541d18139f458627766b21f6ea004e,Bacterial chemoreceptors transmit stimulus signals through coupled entropic switches,Biology,Biology,2025-12-23T00:00:00,https://pubmed.ncbi.nlm.nih.gov/41448350/,No LLM provider configured.,,,False,False
36e30f7434c8f2d35ec190d39b180f906dd0f3f4363630cb18cc25ad89d150d7,Ancestral sequence reconstruction reveals CTP-dependent loading of the bacterial centromere-binding protein ParB as an ancient evolutionary feature,Biology,Biology,2025-12-23T00:00:00,https://pubmed.ncbi.nlm.nih.gov/41448349/,No LLM provider configured.,,,False,False
181d5463df2c861891251e40a6c58dc87266659390a0e8507d0bf2ea11d43bde,Emerging cell surface glycoRNAs with potential regulatory roles,Biology,Biology,2025-12-23T00:00:00,https://pubmed.ncbi.nlm.nih.gov/41448345/,No LLM provider configured.,,,False,False
f2c8f81ac08d335c3ed1099150c914510c46878afe10a5033d3ccd835f1813ee,Nonylphenol Exposure and Cardiovascular Toxicity: Mechanistic Insights and Integrated Risk Assessment from Experimental Models,Biology,Biology,2025-12-23T00:00:00,https://pubmed.ncbi.nlm.nih.gov/41448337/,No LLM provider configured.,,,False,False
cf3a854622f791537a2e4f00791e841e58e469a04eacb39ded60a4b37b419fd4,Unravelling the molecular fingerprint of plastic accumulation on blue carbon sediment,Biology,Biology,2025-12-23T00:00:00,https://pubmed.ncbi.nlm.nih.gov/41448335/,No LLM provider configured.,,,False,False
abf84ab7f0ae08e2393b012a59f799325a2e86723e2e88fdbaab589ba270bfff,Drosophila as a model to study autophagy during oogenesis,Biology,Biology,2025-12-23T00:00:00,https://pubmed.ncbi.nlm.nih.gov/41448329/,No LLM provider configured.,,,False,False
d8476727a3dba9988530cf4b3556cb150a3f6c0ba7299adb168f89be357c0193,Biochemical and structural insights of a new endolysin encoded by the Xanthomonas citri lytic phage CP2,Biology,Biology,2025-12-23T00:00:00,https://pubmed.ncbi.nlm.nih.gov/41448316/,No LLM provider configured.,,,False,False
666772ea3551126866f6527b8fd19539948a78b2960f7e03c1f3c4785d031ae7,Transcriptomic responses to Marteilia sydneyi infection in the Sydney rock oyster Saccostrea glomerata,Biology,Biology,2025-12-23T00:00:00,https://pubmed.ncbi.nlm.nih.gov/41448294/,No LLM provider configured.,,,False,False
9673e4cb5ab4110887207047a68cf80bb9efead83f1188b7dd3974c652613bda,BLF Stimulates Neuronal Differentiation via Activation of p35/CDK5 signaling and AMPK-Mediated Mitochondrial Regulation,Biology,Biology,2025-12-23T00:00:00,https://pubmed.ncbi.nlm.nih.gov/41448275/,No LLM provider configured.,,,False,False
1dbabfb71a8f970a8bf107fce138042ae3a359f595c4c244f882d40b990aefdf,Evaluating the Prognostic Value of Wnt Signaling Pathways in Non-Small Cell Lung Cancer Patients,Biology,Biology,2025-12-23T00:00:00,https://pubmed.ncbi.nlm.nih.gov/41448269/,No LLM provider configured.,,,False,False
276d9eaf2967b05225a61d9462ebef276465c62fbc99d1ab861ad8b1a18042b3,Briarane-Type Diterpenes from a Closed-System Cultured Soft Coral Briareum stechei,Biology,Biology,2025-12-23T00:00:00,https://pubmed.ncbi.nlm.nih.gov/41448262/,No LLM provider configured.,,,False,False
f5c65880d5c1210c1beed11302d2ecc6ee167c19d04a2b7db2666386d584be56,Rapid Establishment and Validation of a PMAxx-RT-qPCR Method for Infectious Titer Detection of Freeze-Dried Live Attenuated Hepatitis A Vaccine (H(2) Strain),Biology,Biology,2025-12-23T00:00:00,https://pubmed.ncbi.nlm.nih.gov/41448253/,No LLM provider configured.,,,False,False
741f9c7f63c314997495fc1490f560666e1b6a79e5cb7dffe2a8b3130a4fdaa0,Chilling stress suppresses plant reproduction through modulating BZR1 translation efficiency by CSP2,Biology,Biology,2025-12-24T00:00:00,https://pubmed.ncbi.nlm.nih.gov/41448184/,No LLM provider configured.,,,False,False
088b463bcd02a639d162670d3a185ad75ef5412ff7e6cc7d4bda1c51ea7c1b7d,Rebalancing NTRK2 isoforms promotes vascular regeneration in bronchopulmonary dysplasia,Biology,Biology,2025-12-24T00:00:00,https://pubmed.ncbi.nlm.nih.gov/41448181/,No LLM provider configured.,,,False,False
86cb4ec4c89cbc37b9ba37eb86a991521108bfa1e3e52438943c720d0308774e,"Epitranscriptomic control of cancer hallmarks: Functions, mechanisms, and therapeutics of RNA modifications",Biology,Biology,2025-12-24T00:00:00,https://pubmed.ncbi.nlm.nih.gov/41448180/,No LLM provider configured.,,,False,False
e4a8fcdd31bf296602c2aa2abd604e93779ce5d2bfcff833fcaa29abf8bfd8d6,Influence of feeding zones and seasonal dynamics on metal bioaccumulation and human health risk assessment in riverine fish,Biology,Biology,2025-12-23T00:00:00,https://pubmed.ncbi.nlm.nih.gov/41448064/,No LLM provider configured.,,,False,False
661edf901cb6f17e8dee77f149469b3756d72311ed2fd341e60b324f0743e1d9,Development of cell-active BRD4-D1 selective inhibitors to decode the role of BET proteins in LPS-mediated liver inflammation,Biology,Biology,2025-12-20T00:00:00,https://pubmed.ncbi.nlm.nih.gov/41448046/,Summary skipped due to cap.,,,False,False
95c3d8f31e7f7eac7ce08a8084447c5ac2ee98939ce1397f419fab0b40965a1e,"Revealing nutritional value and metal(loid)s and minerals in fish species in Çıldır Lake, Türkiye: assessment of risks to human health, fish gender and size-relevant difference",Biology,Biology,2025-12-24T00:00:00,https://pubmed.ncbi.nlm.nih.gov/41447957/,No LLM provider configured.,,,False,False
79b7f062ec73bbf41b9a0aa28c043fe416383dbfa0628a00cfd40f617ff71ffc,Functional diversity as an early indicator of anthropogenic disturbances on insular sandy beaches within a protected area network,Biology,Biology,2025-12-24T00:00:00,https://pubmed.ncbi.nlm.nih.gov/41447956/,No LLM provider configured.,,,False,False
98c5252640300619f1cea2af666404c85749a413b51cc4b59e550723ecb54381,Representation meets optimization: Training PINNs and PIKANs for gray-box discovery in systems pharmacology,Biology,Biology,2025-12-24T00:00:00,https://pubmed.ncbi.nlm.nih.gov/41447950/,No LLM provider configured.,,,False,False
ca595b16fbb3a885873fde8278d3d8db93104f3877a4f6c3be651cb0d4fd7afb,Bird and bat mortality at wind farms in South America: Lessons from monitoring and mitigation practices in Chile,Biology,Biology,2025-12-24T00:00:00,https://pubmed.ncbi.nlm.nih.gov/41447932/,No LLM provider configured.,,,False,False
9316642e20664294852260cf44d3fbeadf12e0713026487df5a24638d1e11421,LOXL2 and SYVN1 cooperate across cellular compartments to drive liver hepatocellular carcinoma progression,Biology,Biology,2025-12-23T00:00:00,https://pubmed.ncbi.nlm.nih.gov/41447886/,No LLM provider configured.,,,False,False
8519db662e55680cdec1776f461d5cebbf70524aefce5db1bf3a13a29e556dd5,Crotonylation and the Risk of Head and Neck Cancer: Insights from a Two-Sample Mendelian Randomization Study,Biology,Biology,2025-12-24T00:00:00,https://pubmed.ncbi.nlm.nih.gov/41447823/,No LLM provider configured.,,,False,False
beb343ece04e9139a3533658f72a94b1b69b6e30b84c546cd64b03d753d9cf3a,"Water-soluble conjugates with antitumor activity from starch, phenolic antioxidant and calcium salt",Biology,Biology,2025-12-22T00:00:00,https://pubmed.ncbi.nlm.nih.gov/41447820/,Summary skipped due to cap.,,,False,False
5e1fc6cc96647acf8cb8c75b4ff8da7b32ca4bdf54300029be1919e8d883ed83,Single H(2)S molecule mediates three-stage antibacterial and immunomodulatory effects in dendritic mesoporous organosilica (DMOS-4MPBA) nanoplatform,Biology,Biology,2025-12-22T00:00:00,https://pubmed.ncbi.nlm.nih.gov/41447787/,Summary skipped due to cap.,,,False,False
3f3179d743c0d7b295dabb68f18a19b36586e240f4167682377af8221ef9bb4b,The association of helminth infection against antimalarial antibody responses in malaria infection and vaccination: a systematic review and meta-analysis,Biology,Biology,2025-12-24T00:00:00,https://pubmed.ncbi.nlm.nih.gov/41447780/,No LLM provider configured.,,,False,False
7ff6b58644d1a0cd79c6041b8b75f6e012969dd53d1aa85dbc07a21dedbf0e07,"Renaissance at the actin filament pointed end: Mechanisms of assembly, capping and depolymerization",Biology,Biology,2025-12-24T00:00:00,https://pubmed.ncbi.nlm.nih.gov/41447741/,No LLM provider configured.,,,False,False
6f9f9bf4912a4285954a76cd6db7077e57ab2f1c9c5022a215435adcde3640da,Assessing Lead Exposure by Biological Matrices Analysis and Links to Breast Cancer: A Critical Review of Experimental and Epidemiological Findings,Biology,Biology,2025-12-25T00:00:00,https://pubmed.ncbi.nlm.nih.gov/41447643/,No LLM provider configured.,,,False,False
279c64732718683285bd3b7782076a82924ab4ecfc4a59251e32ad55ae05386b,Lignans and phenylpropanoids from the edible roots of Codonopsis pilosula,Biology,Biology,2025-12-25T00:00:00,https://pubmed.ncbi.nlm.nih.gov/41447592/,No LLM provider configured.,,,False,False
77c732e5bc78709cdee3d2019ef7c8845df88d5c008bd338e8a85f9037ee393b,CRISPR-Cas9 editing of agricultural crops and medicinal plants: toward a cornucopia of natural products,Biology,Biology,2025-12-25T00:00:00,https://pubmed.ncbi.nlm.nih.gov/41447548/,No LLM provider configured.,,,False,False
afc10e30914dec4e7b3b9e44c65ea21921ac1b01ff19dd9ffe08aec4beb882df,Low-input proteomics identifies vWF as a negative regulator of Tet2 mutant hematopoietic stem cell expansion,Biology,Biology,2025-12-24T00:00:00,https://pubmed.ncbi.nlm.nih.gov/41447537/,No LLM provider configured.,,,False,False
5b37c30e48c8dfb413243577236080bfc5f6e3d51ec4d0af306942f1a42c84f0,CELL DEATH1 safeguards microspore fate determination by repressing vacuole-executed programmed cell death,Biology,Biology,2025-12-24T00:00:00,https://pubmed.ncbi.nlm.nih.gov/41447533/,No LLM provider configured.,,,False,False
689792b9a5280fce159dafbb41bc26f0d896c7b5d0ac49a3283e7886d9de0c16,Structures of TRPV1 bound by hyperthermia-inducing analgesics,Biology,Biology,2025-12-24T00:00:00,https://pubmed.ncbi.nlm.nih.gov/41447532/,No LLM provider configured.,,,False,False
e152fcb7e44cd3538a0617f0594d5cc88db0128012c56551be015b2700cdaa37,Distinct fibroblast assemblies establish scarless regeneration,Biology,Biology,2025-12-23T00:00:00,https://pubmed.ncbi.nlm.nih.gov/41447531/,No LLM provider configured.,,,False,False
9abe6a57b7b30ba24c6d8d7137924ef1797b72d2fcf6a664dd9065d9b584f258,Immunopeptidomics combined with full-length transcriptomics uncovers diverse neoantigens,Biology,Biology,2025-12-24T00:00:00,https://pubmed.ncbi.nlm.nih.gov/41447530/,No LLM provider configured.,,,False,False
553484688eb9e49e26737a3f3926af00942c72645c68c4047e4a8415ad0479a6,Interleukin 4 selectively expands functional type 1 conventional dendritic cells from bone marrow progenitors,Biology,Biology,2025-12-24T00:00:00,https://pubmed.ncbi.nlm.nih.gov/41447529/,No LLM provider configured.,,,False,False
b3959ccdc66e5d5eaf8564945eb95dc91ae7443f5314fc5622cd6328464ae0eb,A synthetic biology toolkit for the plasmid-dependent and thermophilic methylotroph Bacillus methanolicus,Biology,Biology,2025-12-24T00:00:00,https://pubmed.ncbi.nlm.nih.gov/41447528/,No LLM provider configured.,,,False,False
2f0fd700a7b606102f252abbf4e66dfa43761629fe8f765f8765f1cbb8ebe3a0,Protocol for generating human vascular organoids via orthogonal activation of ETV2 and NKX3.1,Biology,Biology,2025-12-24T00:00:00,https://pubmed.ncbi.nlm.nih.gov/41447524/,No LLM provider configured.,,,False,False
1e95f149224a67eb624feb4d3090d6cfd3c7b6162a687ad91de65e6b0b5571f1,Protocol to identify mechanosensitive nuclear proteins using tunable actomyosin contractility and proximity biotinylation in mammalian cells,Biology,Biology,2025-12-24T00:00:00,https://pubmed.ncbi.nlm.nih.gov/41447521/,No LLM provider configured.,,,False,False
9540d7d7fa60bc197188b53eee0df5e4524b1307807adbcccec6d6a13eb48187,"Relapsed/refractory mycosis fungoides and Sezary syndrome: biology, clinical manifestations and therapeutic options",Biology,Biology,2025-12-25T00:00:00,https://pubmed.ncbi.nlm.nih.gov/41447501/,No LLM provider configured.,,,False,False
c71075472e4f06e2bf6100a5ca670a79641935557d69fe8d558ca77a249d20c5,"Patterns of tick infestation and tick-borne pathogen prevalence in sika deer and brown bears in Hokkaido, Japan",Biology,Biology,2025-12-25T00:00:00,https://pubmed.ncbi.nlm.nih.gov/41447432/,No LLM provider configured.,,,False,False
3642b0ab07d5c135b78c2ffc95643abb6cad13d679837d5a9454c3b41c992347,Genomic characterization and comparative analysis of multidrug-resistant uropathogenic Escherichia coli strain U1 from Pakistan revealed ST131 as dominant clade,Biology,Biology,2025-12-25T00:00:00,https://pubmed.ncbi.nlm.nih.gov/41447408/,No LLM provider configured.,,,False,False
fbec6dfd60164271ca4eb4489b5370be396ad035bbb7a2769272edb6b73c1e09,Neuropathology of Friedreich ataxia and its links to metabolic pathways,Biology,Biology,2025-12-25T00:00:00,https://pubmed.ncbi.nlm.nih.gov/41447358/,No LLM provider configured.,,,False,False
63ce7736c4c11eb0d489dbb24917faa74970ade8da938a3398f1155a5cc8d767,RNA sequencing offers new diagnostic opportunities in neurodevelopmental disorders: a systematic review,Biology,Biology,2025-12-22T00:00:00,https://pubmed.ncbi.nlm.nih.gov/41447040/,Summary skipped due to cap.,,,False,False
742944222fd6070974e18d196f08b02cee286d4a3055284f416a440419de4c0d,Pharmacokinetics of Baicalin Following Single Oral Administration in Tilapia (Oreochromis niloticus),Biology,Biology,2025-12-25T00:00:00,https://pubmed.ncbi.nlm.nih.gov/41446956/,No LLM provider configured.,,,False,False
